LMT Date,LMT Time,Latitude,Longitude,Elevation
2012/9/17,21:00:13,-34.0508491,18.9337600,256.81
2012/9/18,0:01:08,-34.0484930,18.9308424,250.65
2012/9/18,12:01:06,-34.0397456,18.9315723,250.69
2012/9/18,15:01:31,-34.0400185,18.9320877,248.75
2012/9/18,18:01:14,-34.0397761,18.9328431,249.25
2012/9/18,21:01:02,-34.0397161,18.9325173,250.16
2012/9/19,0:01:23,-34.0418178,18.9315262,249.84
2012/9/19,3:01:14,-34.0419784,18.9338522,253.83
2012/9/19,6:01:52,-34.0410053,18.9343121,254.63
2012/9/19,9:01:33,-34.0409927,18.9350520,251.35
2012/9/19,15:01:19,-34.0408849,18.9352525,263.69
2012/9/19,18:00:43,-34.0406671,18.9362271,265.5
2012/9/19,21:00:35,-34.0416683,18.9377743,261.89
2012/9/20,0:00:43,-34.0425259,18.9398717,306.84
2012/9/20,3:01:12,-34.0408543,18.9460128,343.73
2012/9/20,6:02:22,-34.0403100,18.9494819,343.8
2012/9/20,9:00:43,-34.0400612,18.9499696,393.58
2012/9/20,12:00:43,-34.0400611,18.9500038,393.6
2012/9/20,15:00:37,-34.0400243,18.9499932,394.27
2012/9/20,18:00:43,-34.0401179,18.9497951,394.98
2012/9/21,0:01:20,-34.0272958,18.9569800,394.49
2012/9/21,15:00:43,-34.0279018,18.9584413,448.61
2012/9/21,18:00:43,-34.0279011,18.9584518,445.14
2012/9/21,21:00:42,-34.0224914,18.9326376,404.69
2012/9/22,0:01:44,-34.0354725,18.9272418,266.39
2012/9/22,6:02:02,-34.0368708,18.9274865,261.86
2012/9/22,9:00:43,-34.0358530,18.9275587,270.01
2012/9/22,12:00:43,-34.0356419,18.9266561,279.66
2012/9/22,15:00:44,-34.0356317,18.9265332,274.2
2012/9/22,18:00:43,-34.0349794,18.9266418,283.06
2012/9/22,21:01:08,-34.0274731,18.9315712,313.53
2012/9/23,3:01:18,-34.0280197,18.9313895,313.09
2012/9/23,6:02:21,-34.0279970,18.9314645,316.8
2012/9/23,9:01:32,-34.0280350,18.9314475,317.72
2012/9/23,12:00:43,-34.0282734,18.9308775,312.51
2012/9/23,15:00:43,-34.0282579,18.9309073,323.98
2012/9/23,18:01:14,-34.0280853,18.9314062,323.74
2012/9/23,21:01:09,-34.0280407,18.9314449,307.84
2012/9/24,3:02:32,-34.0251135,18.9324474,316.99
2012/9/24,6:02:30,-34.0251549,18.9323415,317.32
2012/9/24,9:01:08,-34.0253260,18.9323798,321.39
2012/9/24,12:01:08,-34.0254665,18.9323152,326.89
2012/9/24,15:00:45,-34.0252879,18.9324846,336.58
2012/9/24,18:00:39,-34.0253255,18.9323626,323.25
2012/9/24,21:00:44,-34.0253385,18.9323149,321.12
2012/9/25,0:01:09,-34.0252752,18.9323567,306.5
2012/9/25,3:01:01,-34.0253512,18.9323357,319.04
2012/9/25,6:02:03,-34.0252791,18.9323728,320.16
2012/9/25,9:00:44,-34.0254672,18.9323111,335.72
2012/9/25,12:01:01,-34.0254375,18.9322362,328.08
2012/9/25,15:01:02,-34.0254158,18.9323049,322.71
2012/9/25,18:01:44,-34.0253558,18.9323734,318.28
2012/9/25,21:00:31,-34.0253613,18.9323257,315.59
2012/9/26,0:01:56,-34.0253597,18.9323424,321.21
2012/9/26,3:01:41,-34.0253768,18.9323152,320.18
2012/9/26,6:01:33,-34.0253035,18.9323798,319.71
2012/9/26,9:00:46,-34.0253512,18.9323421,324.39
2012/9/26,12:01:34,-34.0253674,18.9323146,327.1
2012/9/26,15:01:49,-34.0253617,18.9323901,324.46
2012/9/26,18:02:26,-34.0253469,18.9323558,323.32
2012/9/26,21:00:44,-34.0256768,18.9322213,317.37
2012/9/27,0:01:07,-34.0256298,18.9322549,321.51
2012/9/27,6:02:20,-34.0277684,18.9314931,327.56
2012/9/27,9:01:02,-34.0280430,18.9314241,311.05
2012/9/27,12:01:02,-34.0282542,18.9309041,321.02
2012/9/27,21:01:08,-34.0280322,18.9314446,311.03
2012/9/28,12:00:45,-34.0154861,18.9045245,447.76
2012/9/28,15:00:43,-34.0156417,18.9052609,454.36
2012/9/28,18:01:24,-34.0131862,18.9086568,457.55
2012/9/28,21:01:02,-34.0137584,18.9000713,356.34
2012/9/29,0:00:54,-34.0136817,18.8994753,354.64
2012/9/29,3:01:33,-34.0114329,18.9018747,425.77
2012/9/29,6:00:43,-34.0128406,18.9079238,528.66
2012/9/29,9:00:39,-34.0123882,18.9087066,556.56
2012/9/29,12:01:58,-34.0124102,18.9085352,561.87
2012/9/29,15:01:25,-34.0123681,18.9086516,558.06
2012/9/29,18:01:04,-34.0122710,18.9085853,568.66
2012/9/29,21:01:14,-34.0124219,18.9086692,556.38
2012/9/30,0:00:43,-34.0123647,18.9086999,553.27
2012/9/30,3:01:08,-34.0123493,18.9087298,564.73
2012/9/30,6:01:08,-34.0123690,18.9086861,554.34
2012/9/30,9:00:56,-34.0123046,18.9085349,557.77
2012/9/30,12:01:40,-34.0120816,18.9085288,576.56
2012/9/30,15:00:43,-34.0123205,18.9086958,558.73
2012/9/30,18:00:43,-34.0124136,18.9087139,552.37
2012/10/1,9:00:55,-34.0127716,18.9085038,550.74
2012/10/1,12:00:43,-34.0128516,18.9084367,537.59
2012/10/1,15:00:43,-34.0127117,18.9086580,544.49
2012/10/2,0:01:44,-34.0112541,18.9087115,544.54
2012/10/2,3:01:02,-34.0116298,18.9084636,545.35
2012/10/2,6:01:16,-34.0115680,18.9084374,571.6
2012/10/2,9:02:22,-34.0101979,18.9084218,678.85
2012/10/2,12:00:37,-34.0099206,18.9089035,717.29
2012/10/2,15:00:45,-34.0098438,18.9087765,715.61
2012/10/2,18:00:43,-34.0096896,18.9104736,807.12
2012/10/2,21:00:44,-34.0000875,18.9152448,959.23
2012/10/3,0:00:46,-33.9942246,18.8915433,285.38
2012/10/3,3:00:43,-33.9945917,18.8809868,230.35
2012/10/3,6:00:43,-33.9925887,18.8861952,287.98
2012/10/3,9:01:08,-33.9935249,18.8892339,269.91
2012/10/3,12:01:38,-33.9934603,18.8893117,276.96
2012/10/3,15:01:14,-33.9934962,18.8892471,274.63
2012/10/3,18:01:02,-33.9932467,18.8890986,274.53
2012/10/3,21:01:47,-33.9930458,18.8883516,271.81
2012/10/4,0:01:34,-33.9931380,18.8883030,287.06
2012/10/4,6:01:39,-33.9930790,18.8881042,287.81
2012/10/4,9:00:43,-33.9931062,18.8880670,283.33
2012/10/4,12:00:43,-33.9930071,18.8882270,287.12
2012/10/4,18:00:43,-33.9929545,18.8882955,283.25
2012/10/4,21:00:40,-33.9930039,18.8881661,276.91
2012/10/5,0:01:03,-33.9929561,18.8882532,300.87
2012/10/5,6:01:45,-33.9933563,18.8881322,299.43
2012/10/5,9:01:01,-33.9819516,18.8810851,277.89
2012/10/5,18:00:37,-33.9869610,18.8919741,514.45
2012/10/5,21:00:44,-33.9869395,18.9046262,977.73
2012/10/6,0:00:43,-33.9796085,18.9074590,1085.77
2012/10/6,3:00:44,-33.9854597,18.9129072,1190.85
2012/10/6,6:00:39,-33.9789151,18.9258780,630.93
2012/10/6,9:00:32,-33.9803538,18.9260163,630.32
2012/10/6,12:00:43,-33.9805946,18.9263743,665.83
2012/10/6,15:01:17,-33.9806243,18.9264021,662.73
2012/10/6,18:00:43,-33.9908095,18.9330964,884.75
2012/10/6,21:00:23,-33.9974232,18.9651570,748.28
2012/10/7,0:01:02,-33.9974344,18.9774054,599.79
2012/10/7,9:00:43,-34.0022361,18.9851355,820.44
2012/10/7,12:00:50,-34.0015009,18.9895461,819.75
2012/10/7,18:00:43,-34.0018072,18.9887802,597.71
2012/10/7,21:00:59,-33.9942140,19.0030262,605.48
2012/10/8,0:02:04,-33.9912958,19.0063649,903.13
2012/10/8,3:01:59,-33.9808922,18.9977236,903.11
2012/10/8,6:00:43,-33.9487392,18.9672795,468.67
2012/10/8,9:01:02,-33.9514397,18.9643253,530.44
2012/10/8,12:00:43,-33.9514129,18.9643390,527.69
2012/10/8,15:00:43,-33.9514099,18.9643317,533.56
2012/10/8,18:00:43,-33.9519124,18.9637009,545.66
2012/10/8,21:00:23,-33.9546465,18.9615817,687.85
2012/10/9,0:00:43,-33.9546732,18.9615615,685.25
2012/10/9,3:00:50,-33.9546959,18.9616130,685.09
2012/10/9,9:00:43,-33.9545386,18.9614436,694.89
2012/10/9,12:00:50,-33.9541986,18.9617870,695.4
2012/10/9,15:01:26,-33.9543077,18.9617629,663.1
2012/10/9,18:01:30,-33.9546487,18.9615951,691.07
2012/10/9,21:01:34,-33.9545428,18.9615027,683.45
2012/10/10,0:00:43,-33.9545777,18.9614314,679.5
2012/10/10,3:01:10,-33.9545958,18.9614452,680.1
2012/10/10,6:01:28,-33.9544763,18.9615779,680.09
2012/10/10,9:01:00,-33.9539603,18.9617873,673.78
2012/10/10,12:01:02,-33.9540002,18.9618096,654.67
2012/10/10,15:01:14,-33.9542244,18.9618355,648.19
2012/10/10,18:00:50,-33.9525361,18.9627281,566.46
2012/10/10,21:00:44,-33.9525054,18.9627323,555.4
2012/10/11,0:00:43,-33.9524730,18.9627486,562.53
2012/10/11,3:00:25,-33.9524882,18.9628000,561.81
2012/10/11,6:00:43,-33.9524869,18.9627012,556.66
2012/10/11,9:00:44,-33.9525033,18.9627658,562.91
2012/10/11,12:01:47,-33.9525928,18.9629199,567.85
2012/10/11,15:00:37,-33.9526190,18.9629554,554.59
2012/10/11,18:00:43,-33.9524913,18.9626939,563.08
2012/10/11,21:00:43,-33.9524315,18.9627751,569.37
2012/10/12,3:01:18,-33.9524191,18.9657683,569.62
2012/10/12,6:01:32,-33.9529981,18.9653329,583.44
2012/10/12,9:01:02,-33.9533425,18.9660905,630.54
2012/10/12,12:01:07,-33.9532863,18.9661685,634.43
2012/10/12,15:00:32,-33.9533338,18.9661586,633.77
2012/10/12,18:00:43,-33.9533076,18.9659157,632.71
2012/10/12,21:01:02,-33.9613191,18.9680089,1153.33
2012/10/13,3:00:43,-33.9690429,18.9803630,1356.12
2012/10/13,9:02:00,-33.9597665,18.9865194,1355.38
2012/10/13,12:00:43,-33.9672035,18.9860678,1238.45
2012/10/13,15:00:38,-33.9677791,18.9856059,1242.09
2012/10/13,21:00:37,-33.9942923,19.0027326,987.87
2012/10/14,0:01:32,-34.0034704,18.9937783,556.67
2012/10/14,3:00:43,-34.0151647,18.9673842,1142.33
2012/10/14,6:00:45,-34.0049341,18.9407629,852.41
2012/10/14,9:01:32,-34.0056040,18.9259596,853.1
2012/10/14,21:00:43,-34.0013532,18.9220037,1062.22
2012/10/15,0:01:12,-33.9981180,18.9012670,625.06
2012/10/15,6:02:20,-33.9850032,18.8861108,623.73
2012/10/15,9:00:43,-33.9846336,18.8859036,380.43
2012/10/15,12:00:52,-33.9846099,18.8859311,377.16
2012/10/15,18:01:20,-33.9847045,18.8859731,370.54
2012/10/15,21:00:44,-33.9935136,18.8821001,234.2
2012/10/16,0:01:48,-33.9937924,18.8899291,234.85
2012/10/16,3:00:44,-33.9949009,18.8918719,288.6
2012/10/16,9:01:56,-33.9889073,18.8984896,289.03
2012/10/16,21:00:43,-33.9911266,18.8980484,498.1
2012/10/17,0:00:59,-33.9886801,18.8929652,566.11
2012/10/17,3:00:30,-33.9876781,18.8797388,235.46
2012/10/17,6:01:27,-33.9780405,18.8842221,245.25
2012/10/17,9:00:48,-33.9756746,18.8877332,500.48
2012/10/17,15:01:21,-33.9652902,18.8903319,758.85
2012/10/17,18:01:11,-33.9653572,18.8903596,758.54
2012/10/18,0:00:43,-33.9596580,18.8896706,784.29
2012/10/18,3:01:15,-33.9522888,18.8847881,487.23
2012/10/18,6:01:50,-33.9615834,18.9022546,486.85
2012/10/18,18:01:32,-33.9619702,18.9036582,457.16
2012/10/18,21:00:45,-33.9743746,18.9291331,412.06
2012/10/19,3:01:12,-33.9659382,18.9336873,397.96
2012/10/19,12:02:13,-33.9481663,18.9363251,204.92
2012/10/19,15:01:31,-33.9487378,18.9355509,305.94
2012/10/19,21:02:10,-33.9546508,18.9290906,327.27
2012/10/20,0:00:43,-33.9537396,18.9214748,355.65
2012/10/20,3:00:43,-33.9451605,18.9144241,397.6
2012/10/20,6:01:56,-33.9413941,18.9263507,398.68
2012/10/20,9:01:14,-33.9359682,18.9243986,739.64
2012/10/20,12:02:02,-33.9363082,18.9240209,739.12
2012/10/20,18:01:34,-33.9366061,18.9245684,758.07
2012/10/20,21:02:13,-33.9309740,18.9141126,481.07
2012/10/21,0:01:34,-33.9349825,18.9148069,461.49
2012/10/21,3:02:08,-33.9448231,18.9197077,435.3
2012/10/21,9:01:35,-33.9694062,18.9510827,439.03
2012/10/21,12:00:43,-33.9696466,18.9509612,437.04
2012/10/21,15:00:43,-33.9696541,18.9509205,432.22
2012/10/21,18:00:38,-33.9700601,18.9496711,426.23
2012/10/21,21:00:44,-33.9737662,18.9370415,272.43
2012/10/22,0:00:45,-33.9803141,18.9366898,404.26
2012/10/22,3:00:43,-33.9830321,18.9201079,813.92
2012/10/22,6:00:43,-33.9892018,18.8925021,525
2012/10/22,9:00:43,-33.9940779,18.8806963,234.38
2012/10/22,12:00:43,-33.9937197,18.8795831,219.97
2012/10/22,15:01:02,-33.9938484,18.8795257,218.49
2012/10/22,21:00:55,-33.9938040,18.8800248,223.99
2012/10/23,0:00:43,-33.9968501,18.8910660,313.17
2012/10/23,3:00:44,-33.9986860,18.8902468,322.39
2012/10/23,9:01:18,-34.0103994,18.8913069,350.74
2012/10/23,12:02:26,-34.0105261,18.8913282,349.57
2012/10/23,18:00:37,-34.0107394,18.8913829,366.35
2012/10/23,21:00:44,-34.0107019,18.8911365,361.79
2012/10/24,3:00:43,-34.0148643,18.8922774,469.53
2012/10/24,6:00:43,-34.0189122,18.8875111,689.03
2012/10/24,12:01:20,-34.0190523,18.8871079,689.24
2012/10/24,15:00:53,-34.0191564,18.8871098,670.34
2012/10/24,21:00:43,-34.0264717,18.8927411,744.32
2012/10/25,6:01:59,-34.0384646,18.8779523,730.81
2012/10/25,9:00:43,-34.0379396,18.8774690,599.08
2012/10/25,12:00:35,-34.0379789,18.8775103,599.77
2012/10/25,15:01:01,-34.0379355,18.8775278,590.81
2012/10/25,18:00:47,-34.0384855,18.8775717,591.61
2012/10/25,21:00:43,-34.0344261,18.8594356,563.33
2012/10/26,0:00:43,-34.0318506,18.8605538,546.83
2012/10/26,6:01:08,-34.0309203,18.8630913,522.75
2012/10/26,9:01:09,-34.0303153,18.8635201,516.71
2012/10/26,12:00:43,-34.0303047,18.8634999,511.32
2012/10/26,15:00:44,-34.0300926,18.8634714,512.2
2012/10/26,18:00:43,-34.0300816,18.8634468,519.37
2012/10/26,21:00:43,-34.0307928,18.8669410,597.31
2012/10/27,0:00:43,-34.0263166,18.8750595,655.44
2012/10/27,3:00:44,-34.0236403,18.8809185,685.93
2012/10/27,6:00:50,-34.0238533,18.8818577,686.68
2012/10/27,9:01:08,-34.0238573,18.8818332,694.96
2012/10/27,15:00:43,-34.0236652,18.8812641,690.77
2012/10/27,18:00:43,-34.0237418,18.8811318,679.98
2012/10/27,21:00:40,-34.0255537,18.8808550,905.88
2012/10/28,9:01:22,-34.0202919,18.9680452,907.33
2012/10/28,15:00:43,-34.0200808,18.9682973,906.28
2012/10/28,18:01:07,-34.0157536,18.9787176,1111.67
2012/10/28,21:00:43,-34.0039442,18.9634594,780.95
2012/10/29,3:01:07,-34.0121628,18.9359221,620.42
2012/10/29,6:02:14,-34.0364872,18.9275564,258.75
2012/10/29,9:00:41,-34.0364644,18.9275391,258.93
2012/10/29,12:01:28,-34.0364435,18.9275760,267.71
2012/10/29,15:01:07,-34.0364723,18.9275628,262.99
2012/10/29,18:00:43,-34.0364772,18.9275321,262.18
2012/10/29,21:00:41,-34.0478778,18.9207081,205.18
2012/10/30,0:00:43,-34.0535088,18.9468091,372.09
2012/10/30,3:00:44,-34.0407037,18.9625698,629.29
2012/10/30,9:01:03,-34.0142033,18.9257960,597.84
2012/10/30,12:01:14,-34.0137872,18.9260344,537.53
2012/10/30,15:00:37,-34.0137970,18.9260929,534.13
2012/10/30,18:04:13,-34.0140811,18.9246430,535.7
2012/10/30,21:01:24,-34.0088865,18.8935209,392.07
2012/10/31,0:00:44,-34.0034753,18.8797131,262.61
2012/10/31,3:01:49,-34.0030773,18.8798069,261.9
2012/10/31,6:00:43,-34.0034033,18.8795554,260.14
2012/10/31,9:01:08,-34.0034308,18.8796039,253.84
2012/10/31,12:00:43,-34.0034421,18.8795729,257.33
2012/10/31,15:00:43,-34.0032115,18.8797083,263.08
2012/10/31,18:00:43,-34.0032272,18.8797363,255.12
2012/10/31,21:00:44,-34.0032273,18.8797020,255.1
2012/11/1,0:02:03,-34.0020390,18.8816469,255.6
2012/11/1,6:01:04,-34.0040816,18.8837264,286.29
2012/11/1,9:01:21,-34.0030983,18.8828411,292.42
2012/11/1,12:01:31,-34.0027590,18.8821380,287.4
2012/11/1,15:01:01,-34.0027803,18.8822854,285.69
2012/11/1,18:00:43,-34.0028015,18.8825805,276.85
2012/11/1,21:01:38,-34.0033422,18.8829430,273.76
2012/11/2,0:00:43,-34.0033733,18.8828683,266.87
2012/11/2,3:01:02,-34.0029766,18.8827462,269.5
2012/11/2,6:01:13,-34.0028333,18.8825338,260.88
2012/11/2,9:01:21,-34.0026125,18.8822929,263.22
2012/11/2,12:02:09,-34.0029483,18.8824961,270.6
2012/11/2,15:01:08,-34.0026753,18.8821396,258.25
2012/11/2,18:00:54,-34.0030377,18.8829114,261.25
2012/11/2,21:00:43,-34.0030032,18.8826468,274.08
2012/11/3,0:00:43,-34.0078798,18.8861715,314.42
2012/11/3,3:00:44,-34.0026897,18.8951731,466.9
2012/11/3,6:00:43,-33.9959540,18.8958782,437.32
2012/11/3,18:00:43,-33.9957258,18.8976609,428.34
2012/11/3,21:00:39,-33.9941340,18.9008965,339.64
2012/11/4,3:00:57,-33.9937639,18.9038783,395.14
2012/11/4,6:01:59,-33.9951118,18.9098084,513.25
2012/11/4,9:00:43,-33.9951111,18.9096262,524.09
2012/11/4,12:01:02,-33.9952996,18.9095903,561.04
2012/11/4,15:01:19,-33.9952851,18.9094876,559.86
2012/11/4,18:01:52,-33.9949842,18.9125663,559.27
2012/11/4,21:00:44,-34.0077739,18.9366718,684.05
2012/11/5,3:00:43,-34.0483482,18.9863448,1208.53
2012/11/5,6:00:43,-34.0427987,19.0031307,1067.68
2012/11/5,9:00:43,-34.0428144,19.0032853,1063.31
2012/11/5,15:01:36,-34.0406875,19.0030212,985.66
2012/11/5,18:00:43,-34.0379484,19.0061043,1187.19
2012/11/5,21:00:48,-34.0177361,19.0255171,1389.98
2012/11/6,0:01:08,-33.9963748,19.0287939,922.51
2012/11/6,3:01:02,-34.0019363,19.0281600,1125.46
2012/11/6,6:00:43,-33.9929284,19.0168400,806.25
2012/11/6,9:00:43,-33.9931697,19.0157908,845.24
2012/11/6,12:01:44,-33.9932152,19.0155276,844.91
2012/11/6,15:00:59,-33.9933666,19.0154281,821.8
2012/11/6,18:01:02,-33.9904807,19.0086929,833.32
2012/11/6,21:00:43,-33.9855598,19.0019865,1491.02
2012/11/7,0:01:36,-33.9597347,18.9888951,1491.3
2012/11/7,3:00:43,-33.9407653,18.9650873,443.21
2012/11/7,6:01:49,-33.9321525,18.9660975,444.4
2012/11/7,9:00:43,-33.9316887,18.9668365,529.84
2012/11/7,12:00:50,-33.9316279,18.9668362,529.12
2012/11/7,15:00:43,-33.9316447,18.9668369,522.75
2012/11/8,0:01:35,-33.9134415,18.9711901,392.97
2012/11/8,3:00:44,-33.9061253,18.9915661,517.62
2012/11/8,6:00:45,-33.9047983,18.9893592,437.26
2012/11/8,9:01:08,-33.9053590,18.9904439,468.42
2012/11/8,15:00:50,-33.9053057,18.9904436,468.26
2012/11/8,18:00:43,-33.9047090,18.9906489,460.96
2012/11/8,21:00:44,-33.9032432,18.9947630,496.74
2012/11/9,0:00:43,-33.9036352,18.9971440,588
2012/11/9,3:00:44,-33.9088012,18.9873295,563.59
2012/11/9,6:00:43,-33.9036032,18.9926717,471.38
2012/11/9,15:00:43,-33.9031178,18.9910356,417.04
2012/11/9,18:00:43,-33.9031311,18.9910053,413.05
2012/11/9,21:00:43,-33.9059821,18.9814717,361.99
2012/11/10,0:00:43,-33.9031055,18.9999272,469.26
2012/11/10,3:00:44,-33.9082599,19.0049392,434.23
2012/11/10,6:01:48,-33.9127406,18.9969062,433.33
2012/11/10,9:00:56,-33.9122258,18.9986420,758.47
2012/11/10,12:01:37,-33.9119509,18.9986445,748.26
2012/11/10,15:01:33,-33.9118372,18.9988233,767.03
2012/11/10,18:01:44,-33.9118845,18.9988476,766.39
2012/11/10,21:00:43,-33.9122719,18.9987775,736.52
2012/11/11,6:02:04,-33.9123011,18.9983366,737.08
2012/11/11,21:00:43,-33.9095680,18.9966149,942.53
2012/11/12,0:01:20,-33.9133987,18.9910267,971.79
2012/11/12,3:02:52,-33.9154616,18.9878023,970.13
2012/11/12,6:00:43,-33.9342218,18.9888369,1360.77
2012/11/12,9:01:02,-33.9353860,18.9890144,1412.42
2012/11/12,12:01:20,-33.9355132,18.9889333,1411.15
2012/11/12,15:01:08,-33.9355154,18.9889061,1409
2012/11/12,18:00:47,-33.9354364,18.9804535,1310.97
2012/11/13,0:00:43,-33.9468834,18.9603253,493.34
2012/11/13,3:00:44,-33.9400300,18.9287799,908.31
2012/11/13,6:00:43,-33.9464096,18.9274614,653.77
2012/11/13,9:00:44,-33.9470841,18.9289944,651.86
2012/11/13,12:00:43,-33.9464303,18.9310964,756.02
2012/11/13,15:02:02,-33.9461760,18.9290785,690.49
2012/11/13,18:00:56,-33.9461711,18.9283088,691.29
2012/11/13,21:01:14,-33.9608598,18.9466327,550.53
2012/11/14,0:00:43,-33.9707430,18.9160456,446.23
2012/11/14,3:01:00,-33.9710424,18.9155341,445.25
2012/11/14,9:00:51,-33.9734856,18.9150908,470.73
2012/11/14,12:01:54,-33.9735557,18.9149739,484.25
2012/11/14,15:01:05,-33.9728984,18.9151003,483.28
2012/11/14,18:00:43,-33.9710103,18.9158824,452.33
2012/11/14,21:01:02,-33.9710670,18.9158280,451.94
2012/11/15,0:01:02,-33.9709817,18.9156216,460.62
2012/11/15,3:01:08,-33.9709877,18.9157175,459.63
2012/11/15,6:00:59,-33.9737875,18.9140427,462.19
2012/11/15,15:01:20,-33.9803056,18.9235173,461.11
2012/11/15,18:00:43,-33.9751942,18.9229646,370.19
2012/11/15,21:00:58,-33.9710432,18.9156906,457.65
2012/11/16,0:01:17,-33.9709456,18.9157204,462.98
2012/11/16,3:02:01,-33.9710666,18.9158107,453.8
2012/11/16,15:00:43,-33.9682954,18.9034592,797.33
2012/11/16,18:00:43,-33.9710765,18.9158350,450.37
2012/11/16,21:00:45,-33.9710012,18.9156999,466.35
2012/11/17,0:00:43,-33.9710162,18.9156593,462.09
2012/11/17,6:00:43,-33.9752153,18.9091441,964.4
2012/11/17,18:00:43,-33.9864899,18.9271195,849.58
2012/11/17,21:00:44,-33.9780438,18.9259774,563.21
2012/11/18,0:00:43,-33.9710139,18.9157207,464.26
2012/11/18,3:00:44,-33.9786808,18.9023189,1166.92
2012/11/18,6:00:55,-33.9911171,18.8982020,503.25
2012/11/18,9:03:06,-33.9927686,18.8983965,492.7
2012/11/18,15:00:43,-33.9912708,18.9006485,522.68
2012/11/18,18:00:42,-33.9893422,18.9095322,804.19
2012/11/18,21:00:43,-33.9840829,18.9071970,1029.22
2012/11/19,0:01:14,-34.0026551,18.9257264,905.32
2012/11/19,3:02:16,-34.0298189,18.9568046,424.94
2012/11/19,12:00:50,-34.0646482,18.9680617,424.36
2012/11/19,15:01:02,-34.0642572,18.9658143,852.72
2012/11/19,18:01:37,-34.0641639,18.9657701,882.32
2012/11/19,21:00:32,-34.0612449,18.9590011,882.8
2012/11/20,0:00:43,-34.0384916,18.9781112,1171.22
2012/11/20,3:00:43,-34.0147489,18.9788742,1126.66
2012/11/20,6:00:37,-33.9856929,18.9865466,760.68
2012/11/20,9:00:37,-33.9809813,18.9885439,895.61
2012/11/20,12:01:24,-33.9808674,18.9885091,894.68
2012/11/20,15:00:44,-33.9809891,18.9886748,887.17
2012/11/20,21:00:43,-33.9598140,18.9500072,669.08
2012/11/21,0:01:13,-33.9473674,18.9333417,895.27
2012/11/21,3:00:47,-33.9228223,18.9111951,334.7
2012/11/21,6:02:02,-33.9391896,18.9243626,333.99
2012/11/21,15:01:32,-33.9454615,18.9282742,333.68
2012/11/21,21:00:43,-33.9414273,18.9133612,472.01
2012/11/22,0:01:22,-33.9402615,18.9153685,483.28
2012/11/22,3:01:24,-33.9610011,18.9383594,484.29
2012/11/22,6:01:15,-33.9858775,18.9267438,483.43
2012/11/22,9:01:45,-33.9846572,18.9296797,750.44
2012/11/22,12:00:43,-33.9847587,18.9296575,735.52
2012/11/22,15:00:43,-33.9847605,18.9297008,751.33
2012/11/22,18:00:43,-33.9847102,18.9293481,750.66
2012/11/22,21:00:38,-33.9840890,18.9065373,1021.06
2012/11/23,0:01:44,-33.9861456,18.8841435,265.79
2012/11/23,3:00:44,-33.9943171,18.8808418,227.23
2012/11/23,6:00:37,-33.9960907,18.8972767,230.62
2012/11/23,12:00:50,-33.9958052,18.8959470,422.44
2012/11/23,15:00:43,-33.9958045,18.8958782,426.13
2012/11/23,18:01:00,-33.9957865,18.8958303,425.51
2012/11/23,21:00:46,-34.0089419,18.8927506,348.99
2012/11/24,0:01:07,-34.0093840,18.8906820,347.82
2012/11/24,3:00:44,-34.0094156,18.8906974,326.54
2012/11/24,6:02:00,-34.0092357,18.8906074,327.5
2012/11/24,9:01:09,-34.0093515,18.8907176,326.34
2012/11/24,12:01:14,-34.0093655,18.8906767,325.83
2012/11/24,15:00:58,-34.0093157,18.8907009,317.92
2012/11/24,21:01:26,-34.0094168,18.8906292,322.76
2012/11/25,0:00:44,-34.0182838,18.8909654,593.9
2012/11/25,6:01:46,-34.0350745,18.8770059,792.72
2012/11/25,12:01:04,-34.0352304,18.8760887,797.5
2012/11/25,15:01:02,-34.0357737,18.8765418,772.58
2012/11/25,18:00:50,-34.0360398,18.8745573,771.74
2012/11/25,21:00:43,-34.0368893,18.8686128,889.49
2012/11/26,0:01:44,-34.0304943,18.8665642,578.45
2012/11/26,3:00:44,-34.0168771,18.8729652,433.63
2012/11/26,6:01:14,-34.0233619,18.8811922,669.13
2012/11/26,9:00:43,-34.0233514,18.8811506,674.42
2012/11/26,18:00:43,-34.0233556,18.8811711,675.52
2012/11/26,21:02:02,-34.0232278,18.8811431,675.08
2012/11/27,0:01:52,-34.0232684,18.8811889,659.46
2012/11/27,3:00:43,-34.0233446,18.8811401,677.33
2012/11/27,12:01:33,-34.0186784,18.9110492,738.18
2012/11/27,18:01:10,-34.0187594,18.9110360,737.37
2012/11/27,21:00:43,-34.0099458,18.9447720,657.73
2012/11/28,0:01:44,-34.0423789,18.9628241,620.37
2012/11/28,3:01:07,-34.0439077,18.9804597,619.41
2012/11/28,6:00:42,-34.0437738,18.9905628,1309.46
2012/11/28,9:01:06,-34.0546588,18.9888257,1308.4
2012/11/28,12:00:43,-34.0539072,18.9951014,1426.41
2012/11/28,15:00:43,-34.0538211,18.9953852,1424.46
2012/11/28,18:00:43,-34.0506547,18.9953421,1404.94
2012/11/28,21:01:14,-34.0277315,18.9863139,1409.41
2012/11/29,0:00:54,-34.0185378,18.9770701,1049.06
2012/11/29,3:01:23,-34.0162224,18.9778952,1075.71
2012/11/29,6:00:43,-34.0097882,18.9604276,1125.22
2012/11/29,9:00:22,-34.0082339,18.9585934,1128.7
2012/11/29,12:01:02,-34.0082136,18.9586068,1130.25
2012/11/29,15:01:08,-34.0081925,18.9585857,1135.51
2012/11/29,18:00:43,-34.0070998,18.9541086,1139.97
2012/11/30,6:02:08,-33.9952524,18.9526931,445.4
2012/11/30,9:00:38,-33.9954354,18.9532103,454.65
2012/11/30,12:00:43,-33.9954838,18.9532413,455.63
2012/11/30,15:00:43,-33.9954914,18.9532477,461.54
2012/11/30,18:01:13,-33.9954699,18.9532886,461.5
2012/11/30,21:00:43,-33.9755393,18.9496810,331.29
2012/12/1,0:01:38,-33.9599859,18.9319426,345.39
2012/12/1,3:01:28,-33.9516962,18.9325553,600.98
2012/12/1,6:01:32,-33.9465385,18.9292449,600.3
2012/12/1,9:01:03,-33.9481017,18.9302323,600.57
2012/12/1,12:01:07,-33.9470053,18.9290295,679.17
2012/12/1,15:01:14,-33.9470472,18.9290201,670.48
2012/12/1,18:01:14,-33.9470826,18.9288932,677.19
2012/12/1,21:01:02,-33.9470494,18.9291107,648.62
2012/12/2,0:01:02,-33.9469351,18.9290587,649.56
2012/12/2,3:01:05,-33.9469418,18.9288742,691.44
2012/12/2,6:01:21,-33.9442982,18.9295184,700.89
2012/12/2,9:01:05,-33.9448378,18.9293324,757.01
2012/12/2,12:00:43,-33.9361125,18.9268275,830.49
2012/12/2,15:00:43,-33.9478753,18.9533807,616.4
2012/12/2,18:02:33,-33.9534429,18.9658968,622.96
2012/12/2,21:00:38,-33.9599640,18.9616849,1077.59
2012/12/3,0:00:43,-33.9480973,18.9247760,515.34
2012/12/3,3:00:44,-33.9429590,18.9188226,464.92
2012/12/3,6:00:41,-33.9316650,18.9141417,419.09
2012/12/3,9:00:38,-33.9316583,18.9140969,421.98
2012/12/3,15:00:45,-33.9316661,18.9142276,413.53
2012/12/3,18:00:53,-33.9316533,18.9140826,429.98
2012/12/3,21:00:43,-33.9346780,18.9233823,828.76
2012/12/4,0:00:43,-33.9497323,18.9438775,892.36
2012/12/4,3:00:45,-33.9691729,18.9287794,260.88
2012/12/4,6:01:56,-33.9764674,18.9245774,450.51
2012/12/4,15:01:38,-33.9769143,18.9243716,446.73
2012/12/4,18:01:21,-33.9759743,18.9245646,447.57
2012/12/4,21:00:38,-33.9628323,18.9053370,488.8
2012/12/5,0:00:43,-33.9490930,18.8861423,447.98
2012/12/5,3:00:39,-33.9508099,18.8785674,448
2012/12/5,15:00:57,-33.9603307,18.8852523,519.54
2012/12/5,18:00:51,-33.9602947,18.8858670,532.63
2012/12/5,21:01:00,-33.9517014,18.8789782,313.64
2012/12/6,0:00:43,-33.9728245,18.8836826,325.44
2012/12/6,3:00:52,-33.9955685,18.8852431,325.44
2012/12/6,6:01:56,-33.9940892,18.9001362,248.63
2012/12/6,9:02:14,-33.9941283,18.9002974,340.57
2012/12/6,12:01:32,-33.9942006,18.9009070,341.2
2012/12/6,15:01:42,-33.9941288,18.9008757,342.28
2012/12/6,18:01:32,-33.9939926,18.9006269,364.67
2012/12/6,21:00:38,-34.0032465,18.9152700,1042.31
2012/12/7,0:00:43,-34.0350763,18.8841732,683.44
2012/12/7,3:00:53,-34.0533150,18.8803890,684.28
2012/12/7,6:00:43,-34.0311684,18.8611190,542.75
2012/12/7,9:00:48,-34.0311616,18.8611085,545.66
2012/12/7,12:00:32,-34.0311861,18.8611155,545.21
2012/12/7,15:00:44,-34.0310911,18.8611355,546.51
2012/12/7,18:00:43,-34.0310912,18.8611012,546.49
2012/12/8,0:00:43,-34.0338550,18.8517947,389.12
2012/12/8,3:00:44,-34.0285592,18.8726579,696.22
2012/12/8,6:00:38,-34.0187564,18.8690990,387.54
2012/12/8,15:00:43,-34.0177650,18.8680077,352.07
2012/12/8,21:01:43,-34.0178870,18.8689293,351.68
2012/12/9,0:02:42,-34.0177945,18.8688601,356.15
2012/12/9,3:00:43,-34.0179503,18.8688468,360.93
2012/12/9,6:00:41,-34.0178117,18.8688393,360.47
2012/12/9,9:00:43,-34.0179948,18.8688833,382.22
2012/12/9,21:02:17,-34.0139152,18.8657050,348.44
2012/12/10,3:00:43,-33.9686211,18.8837988,401.86
2012/12/10,9:01:32,-33.9667047,18.8891371,441.78
2012/12/10,15:01:24,-33.9667318,18.8872786,550.08
2012/12/10,21:02:08,-33.9515341,18.8929893,411.04
2012/12/11,0:00:43,-33.9487581,18.8956234,250.68
2012/12/11,3:00:44,-33.9673502,18.9243628,247.8
2012/12/11,6:00:37,-33.9464689,18.9292075,681.61
2012/12/11,9:01:02,-33.9464103,18.9291028,703.81
2012/12/11,12:01:02,-33.9465349,18.9294703,694.03
2012/12/11,15:00:40,-33.9467667,18.9298684,693.42
2012/12/11,21:02:09,-33.9362882,18.9239213,699.42
2012/12/12,0:00:44,-33.9269578,18.9119294,426.7
2012/12/12,3:00:43,-33.9269340,18.9119119,430.63
2012/12/12,9:00:50,-33.9281323,18.9099658,338.73
2012/12/12,12:01:32,-33.9281534,18.9100274,338.84
2012/12/12,15:01:14,-33.9280762,18.9099625,331.87
2012/12/12,18:01:08,-33.9271232,18.9118034,431.68
2012/12/12,21:00:43,-33.9270360,18.9117143,428.14
2012/12/13,0:00:43,-33.9375880,18.9165778,529.93
2012/12/13,3:00:51,-33.9403020,18.9221787,528.55
2012/12/13,6:02:00,-33.9389117,18.9253875,730.85
2012/12/13,12:00:41,-33.9389393,18.9255260,710.17
2012/12/13,18:01:40,-33.9384085,18.9255856,740.36
2012/12/13,21:00:43,-33.9459900,18.9374222,837.55
2012/12/14,0:00:44,-33.9456028,18.9640660,416.04
2012/12/14,3:00:43,-33.9506353,18.9785497,505.41
2012/12/14,6:01:44,-33.9423799,18.9755524,623.06
2012/12/14,9:02:02,-33.9317530,18.9661520,623.13
2012/12/14,12:01:50,-33.9319833,18.9665262,622.79
2012/12/14,15:00:41,-33.9324999,18.9662188,616.43
2012/12/14,18:01:14,-33.9325296,18.9664463,555.99
2012/12/14,21:00:43,-33.9201147,18.9696105,602.12
2012/12/15,0:00:43,-33.9118159,18.9834418,510.64
2012/12/15,3:00:43,-33.9061448,19.0047039,422.97
2012/12/15,6:01:31,-33.9085557,19.0134014,423.06
2012/12/15,12:02:13,-33.9088006,19.0136034,475.85
2012/12/15,15:00:39,-33.9088680,19.0136034,480.87
2012/12/15,18:01:34,-33.9087554,19.0135879,492.27
2012/12/16,0:00:44,-33.9086132,19.0097929,440.45
2012/12/16,3:01:03,-33.9084925,19.0101990,440.66
2012/12/16,9:01:28,-33.9086417,19.0103061,439.34
2012/12/16,18:01:02,-33.9084913,19.0101490,464.15
2012/12/16,21:00:45,-33.9114841,19.0053005,457.85
2012/12/17,0:00:43,-33.8996014,18.9979088,454.25
2012/12/17,3:00:44,-33.9043188,18.9832023,351.47
2012/12/17,6:01:32,-33.9061853,18.9855643,418.09
2012/12/17,9:01:44,-33.9061971,18.9856704,417.94
2012/12/17,12:01:00,-33.9061820,18.9855848,418.63
2012/12/17,15:00:53,-33.9062141,18.9855576,418.71
2012/12/17,18:01:42,-33.9057031,18.9845188,413.41
2012/12/17,21:01:01,-33.9059526,18.9848368,391.96
2012/12/18,0:00:43,-33.9059930,18.9847649,396.04
2012/12/18,3:00:43,-33.9059647,18.9847547,393.54
2012/12/18,6:00:43,-33.9093169,18.9860829,546.6
2012/12/19,0:00:37,-33.9551137,18.9973949,1153.37
2012/12/19,3:00:46,-33.9825064,19.0045085,1490.85
2012/12/19,6:00:43,-33.9991196,18.9997799,682.07
2012/12/19,15:00:45,-34.0018615,18.9880516,674.61
2012/12/19,18:00:43,-34.0021525,18.9831882,810.95
2012/12/20,0:01:01,-34.0405499,18.9664885,809.95
2012/12/20,3:01:19,-34.0386178,18.9606819,777.11
2012/12/20,6:00:43,-34.0509809,18.9603372,608.44
2012/12/20,9:00:43,-34.0496902,18.9605406,620.29
2012/12/20,12:00:43,-34.0498102,18.9607508,613.09
2012/12/20,15:00:43,-34.0498155,18.9607780,615.8
2012/12/20,18:01:34,-34.0498513,18.9607476,613.49
2012/12/20,21:00:43,-34.0438759,18.9536188,483.53
2012/12/21,0:00:43,-34.0404710,18.9360658,254.84
2012/12/21,3:00:43,-34.0380348,18.9328683,277.94
2012/12/21,6:01:08,-34.0093497,18.9236717,616.27
2012/12/21,9:01:20,-34.0093739,18.9237472,615.87
2012/12/21,12:01:56,-34.0094505,18.9235421,617.59
2012/12/21,15:01:04,-34.0092519,18.9237700,621.63
2012/12/21,18:01:02,-34.0093426,18.9237296,619.23
2012/12/21,21:00:55,-34.0093662,18.9236293,635.02
2012/12/22,0:02:18,-34.0092719,18.9236386,639.79
2012/12/22,3:01:33,-34.0092927,18.9236553,647.09
2012/12/22,6:00:43,-34.0085631,18.9244955,661.57
2012/12/22,9:00:43,-34.0085739,18.9244750,661.59
2012/12/22,12:01:05,-34.0086929,18.9241643,659.9
2012/12/22,15:00:58,-34.0087400,18.9240301,673.6
2012/12/22,18:02:08,-34.0093225,18.9236895,649.35
2012/12/22,21:00:43,-34.0168429,18.9134960,750.29
2012/12/23,0:00:48,-34.0226554,18.8976947,749.48
2012/12/23,3:01:09,-34.0211602,18.8984586,489.39
2012/12/23,9:01:26,-34.0211858,18.8983182,492.33
2012/12/23,12:00:37,-34.0214138,18.8974326,540.65
2012/12/23,15:00:44,-34.0214214,18.8973984,541.19
2012/12/23,18:01:07,-34.0214053,18.8974259,538.48
2012/12/23,21:01:31,-34.0214025,18.8973566,549.66
2012/12/24,0:00:43,-34.0331852,18.8873803,656.37
2012/12/24,3:00:43,-34.0490168,18.8672477,366.48
2012/12/24,9:01:04,-34.0307552,18.8591806,364.04
2012/12/24,12:02:05,-34.0309495,18.8589541,437.56
2012/12/24,15:00:40,-34.0307563,18.8591025,456.79
2012/12/24,18:00:43,-34.0309887,18.8592847,463.28
2012/12/24,21:00:56,-34.0316734,18.8522106,463.37
2012/12/25,0:00:43,-34.0413905,18.8626880,632.61
2012/12/25,3:00:32,-34.0398233,18.8744802,632.73
2012/12/25,21:00:44,-34.0178838,18.8742279,466.59
2012/12/26,3:01:14,-33.9561846,18.8785075,332.42
2012/12/26,6:02:14,-33.9624083,18.9020070,331.31
2012/12/26,9:01:34,-33.9623809,18.9023524,332.24
2012/12/26,15:02:10,-33.9622093,18.9005074,331.86
2012/12/26,18:01:32,-33.9613055,18.9021173,332.13
2012/12/26,21:00:43,-33.9667459,18.9115653,440.37
2012/12/27,3:00:43,-33.9580724,18.9590362,1031.15
2012/12/27,6:00:43,-33.9531150,18.9660400,644.75
2012/12/27,9:01:08,-33.9532123,18.9658776,630.51
2012/12/27,12:01:05,-33.9531902,18.9658092,628.78
2012/12/27,18:01:32,-33.9520470,18.9648924,625.56
2012/12/27,21:00:43,-33.9485720,18.9507093,752.28
2012/12/28,0:00:37,-33.9422519,18.9133877,454.31
2012/12/28,3:00:44,-33.9419574,18.9166288,497.48
2012/12/28,6:00:43,-33.9397393,18.9167147,508.46
2012/12/28,9:00:43,-33.9391167,18.9169237,501.82
2012/12/28,12:00:43,-33.9407161,18.9174223,540.88
2012/12/28,15:01:02,-33.9417193,18.9225248,536.72
2012/12/28,18:01:51,-33.9417225,18.9229045,536.19
2012/12/28,21:00:43,-33.9378933,18.9250355,784.09
2012/12/29,0:00:43,-33.9390562,18.9278439,909.42
2012/12/29,3:00:44,-33.9469587,18.9423271,824.74
2012/12/29,6:00:43,-33.9463581,18.9788145,570.93
2012/12/29,9:01:02,-33.9462578,18.9795816,592.84
2012/12/29,12:01:50,-33.9462167,18.9795848,592.45
2012/12/29,15:02:07,-33.9456276,18.9808090,592.83
2012/12/29,18:00:50,-33.9458164,18.9808890,592.15
2012/12/29,21:01:02,-33.9656452,18.9923703,603.73
2012/12/30,0:00:43,-33.9858947,19.0019461,1469.88
2012/12/30,3:00:44,-34.0154015,18.9911892,1190.99
2012/12/30,6:00:43,-34.0372610,18.9773603,1251.85
2012/12/30,9:00:43,-34.0376182,18.9788536,1232.49
2012/12/30,12:00:43,-34.0376407,18.9788130,1228.79
2012/12/30,15:00:41,-34.0379860,18.9782096,1223.89
2012/12/30,18:00:43,-34.0408435,18.9769582,1094.01
2012/12/31,3:01:24,-34.0364936,18.9273097,261.28
2012/12/31,6:00:43,-34.0268184,18.9323624,304.94
2012/12/31,9:01:13,-34.0268397,18.9322828,317.53
2012/12/31,12:01:45,-34.0267639,18.9324432,319.25
2012/12/31,15:00:58,-34.0267451,18.9323800,293.75
2012/12/31,18:00:43,-34.0272903,18.9311525,313.18
2012/12/31,21:00:44,-34.0172157,18.9196858,592.48
2013/1/1,0:00:43,-34.0123338,18.8951934,384.94
2013/1/1,3:00:43,-34.0123517,18.8952349,380.21
2013/1/1,6:00:50,-34.0118493,18.8945920,380.56
2013/1/1,9:00:56,-34.0119196,18.8945993,379.72
2013/1/1,12:00:41,-34.0119686,18.8945918,344.85
2013/1/1,15:01:00,-34.0119645,18.8945843,354.46
2013/1/1,18:00:43,-34.0120153,18.8945538,353.27
2013/1/1,21:02:10,-34.0120132,18.8946668,353.6
2013/1/2,0:01:08,-34.0119644,18.8947384,352.69
2013/1/2,3:00:36,-34.0119313,18.8947589,350.99
2013/1/2,6:00:43,-34.0119187,18.8947446,358.42
2013/1/2,9:02:37,-34.0120365,18.8945878,358.71
2013/1/2,12:01:30,-34.0120216,18.8945878,357.59
2013/1/2,15:01:30,-34.0119643,18.8944986,356.28
2013/1/2,18:01:14,-34.0120115,18.8945099,344.94
2013/1/2,21:00:43,-34.0120996,18.8952163,382.31
2013/1/3,0:01:14,-34.0011061,18.8933725,398.29
2013/1/3,3:00:43,-33.9974394,18.8947147,450.52
2013/1/3,6:01:58,-33.9959539,18.8973900,451.64
2013/1/3,12:01:49,-33.9960181,18.8973356,451.81
2013/1/3,15:00:44,-33.9959828,18.8973491,452.24
2013/1/3,18:01:33,-33.9959257,18.8972728,461.63
2013/1/3,21:00:43,-33.9986288,18.8909200,333.59
2013/1/4,0:00:37,-34.0033891,18.8968339,462.75
2013/1/4,3:00:44,-34.0054162,18.8982966,410.15
2013/1/4,9:01:08,-34.0049735,18.8982427,413.21
2013/1/4,12:02:33,-34.0048592,18.8984712,415.92
2013/1/4,15:01:24,-34.0048537,18.8984782,413.24
2013/1/4,21:01:02,-34.0049753,18.8981575,407.55
2013/1/5,0:01:14,-34.0050721,18.8996716,447.06
2013/1/5,3:00:44,-34.0050019,18.8981715,404.97
2013/1/5,12:01:09,-34.0057527,18.9030124,404.89
2013/1/5,15:00:58,-34.0057570,18.9028703,522.2
2013/1/5,18:01:26,-34.0058531,18.9027287,501.03
2013/1/5,21:01:14,-34.0042848,18.9054577,742.83
2013/1/6,0:02:23,-34.0022490,18.9221750,947.08
2013/1/6,3:01:44,-34.0292880,18.9567679,415.66
2013/1/6,6:00:57,-34.0581487,18.9695048,415.97
2013/1/6,9:00:38,-34.0580688,18.9679327,696.92
2013/1/6,15:01:29,-34.0657909,18.9638896,715.35
2013/1/6,18:01:11,-34.0722846,18.9633611,883.59
2013/1/6,21:00:43,-34.0814908,18.9667325,826.57
2013/1/7,0:00:43,-34.0902433,18.9582691,539.03
2013/1/7,3:00:32,-34.1048726,18.9528553,539.24
2013/1/7,6:01:33,-34.1048167,18.9521383,418.21
2013/1/7,9:01:39,-34.1049061,18.9521661,419.61
2013/1/7,12:01:03,-34.1050049,18.9522310,387.37
2013/1/7,15:00:56,-34.1049825,18.9522481,428.49
2013/1/7,18:01:02,-34.1049629,18.9522253,412.09
2013/1/7,21:00:46,-34.1027952,18.9456798,417.64
2013/1/8,0:00:43,-34.0885344,18.9477233,401.63
2013/1/8,3:01:14,-34.0797673,18.9447525,388.2
2013/1/8,6:00:43,-34.0797797,18.9465631,411.16
2013/1/8,9:00:44,-34.0800173,18.9459582,409.68
2013/1/8,12:00:43,-34.0800753,18.9458292,400.17
2013/1/8,15:00:26,-34.0800343,18.9458324,399.76
2013/1/8,18:00:44,-34.0799813,18.9458900,403.1
2013/1/8,21:00:44,-34.0799687,18.9459486,398.01
2013/1/9,0:00:43,-34.0729985,18.9561874,652.27
2013/1/9,3:00:43,-34.0692924,18.9619378,804.99
2013/1/9,9:00:46,-34.0658094,18.9644518,794.43
2013/1/9,15:03:04,-34.0658239,18.9644281,792.06
2013/1/9,18:00:43,-34.0657527,18.9644934,784.11
2013/1/9,21:02:05,-34.0992014,19.0054070,785.29
2013/1/10,3:00:43,-34.0493025,18.9834086,1059
2013/1/10,9:00:56,-34.0512986,18.9302755,1058.14
2013/1/10,12:00:40,-34.0511399,18.9310662,257.3
2013/1/10,18:00:40,-34.0512133,18.9310744,245.26
2013/1/10,21:00:38,-34.0395046,18.9259559,234.88
2013/1/11,0:01:13,-34.0381649,18.8851359,519.2
2013/1/11,3:00:37,-34.0338742,18.8612746,620.04
2013/1/11,6:01:02,-34.0304776,18.8605657,522.22
2013/1/11,9:00:32,-34.0299112,18.8603437,522.34
2013/1/11,12:00:43,-34.0300099,18.8604339,511.49
2013/1/11,15:00:44,-34.0297952,18.8595240,482.44
2013/1/11,18:01:02,-34.0297898,18.8595310,479.75
2013/1/11,21:00:44,-34.0225122,18.8677219,479.9
2013/1/12,0:00:43,-34.0081291,18.8873843,318.12
2013/1/12,3:01:56,-33.9941758,18.9007136,316.66
2013/1/12,6:02:04,-33.9942302,18.9010311,377.47
2013/1/12,9:01:13,-33.9918872,18.8989512,376.55
2013/1/12,15:02:07,-33.9919585,18.8990616,416.69
2013/1/12,18:02:43,-33.9920506,18.8991201,419.43
2013/1/12,21:00:43,-33.9848722,18.8951489,657.8
2013/1/13,0:00:43,-33.9793132,18.8969853,921.46
2013/1/13,3:00:44,-33.9870352,18.9130247,1110.47
2013/1/13,6:01:01,-33.9934602,18.9319655,970.95
2013/1/13,9:01:09,-33.9935168,18.9319453,970.59
2013/1/13,12:00:43,-33.9934838,18.9319380,974.22
2013/1/13,15:00:57,-33.9934544,18.9319617,975.47
2013/1/13,21:02:11,-33.9904705,18.9412424,974.52
2013/1/14,3:00:43,-33.9268077,18.9121881,431.75
2013/1/14,6:02:27,-33.9361143,18.9254798,432.54
2013/1/14,9:01:00,-33.9389324,18.9255924,736.4
2013/1/14,21:00:43,-33.9468859,18.9393184,845.7
2013/1/15,0:01:31,-33.9373808,18.9562688,365.26
2013/1/15,3:00:43,-33.9186165,18.9601008,322.4
2013/1/15,6:01:02,-33.9155211,18.9698007,438.78
2013/1/15,9:01:46,-33.9168048,18.9658896,442.06
2013/1/15,12:01:02,-33.9167327,18.9655189,371.52
2013/1/15,15:01:00,-33.9173945,18.9657902,366.28
2013/1/15,18:01:32,-33.9173284,18.9659231,366.44
2013/1/15,21:00:44,-33.9168528,18.9610757,312.27
2013/1/16,0:01:14,-33.9504177,18.9730487,451.73
2013/1/16,3:02:38,-33.9545600,18.9797671,481.88
2013/1/16,6:01:13,-33.9531835,18.9655570,617.35
2013/1/16,12:01:06,-33.9530827,18.9653591,603.52
2013/1/16,15:01:06,-33.9530467,18.9652181,609.45
2013/1/16,21:00:43,-33.9489375,18.9507090,783.38
2013/1/17,0:01:39,-33.9578456,18.9180366,255.75
2013/1/17,3:00:44,-33.9702943,18.9274436,317.86
2013/1/17,6:00:43,-33.9760389,18.9285226,422.63
2013/1/17,15:01:13,-33.9803097,18.9268600,646.52
2013/1/17,18:00:43,-33.9793743,18.9242411,635.86
2013/1/17,21:00:32,-33.9745706,18.9183214,635.7
2013/1/18,0:00:43,-33.9551785,18.9032186,252.88
2013/1/18,3:00:44,-33.9457840,18.8905456,237.55
2013/1/18,6:00:43,-33.9556117,18.8851244,525.27
2013/1/18,9:00:45,-33.9562863,18.8843864,514.4
2013/1/18,12:01:39,-33.9563104,18.8843419,515.79
2013/1/18,15:00:49,-33.9563238,18.8843907,504.63
2013/1/18,18:00:48,-33.9562830,18.8843255,504.19
2013/1/18,21:00:43,-33.9590221,18.8884227,726.14
2013/1/19,0:00:43,-33.9624258,18.8865070,688.23
2013/1/19,3:00:43,-33.9829367,18.8812171,275.01
2013/1/19,6:01:32,-33.9935904,18.8895524,271.65
2013/1/19,9:01:01,-33.9935903,18.8895866,271.68
2013/1/19,12:00:43,-33.9935374,18.8895629,264.27
2013/1/19,18:02:31,-33.9935336,18.8896003,266.69
2013/1/19,21:00:43,-33.9929429,18.8837997,260.12
2013/1/20,0:00:43,-33.9940719,18.8813091,231.8
2013/1/20,3:00:43,-33.9968691,18.8834800,233.15
2013/1/20,6:01:01,-33.9967146,18.8946549,419.51
2013/1/20,9:00:43,-33.9958414,18.8977261,434.37
2013/1/20,15:00:44,-33.9959110,18.8963542,431.86
2013/1/20,18:01:22,-33.9959933,18.8958788,432.63
2013/1/20,21:01:35,-33.9968265,18.8836926,224.05
2013/1/21,0:02:07,-33.9969200,18.8842440,226.56
2013/1/21,3:01:04,-33.9969933,18.8839931,246.7
2013/1/21,21:01:32,-33.9968977,18.8836616,232.01
2013/1/22,0:01:02,-33.9969945,18.8843125,232.19
2013/1/22,3:01:08,-33.9941300,18.8983343,320.62
2013/1/22,6:01:33,-33.9942874,18.8986321,332.28
2013/1/22,9:01:25,-33.9967544,18.8976426,332.48
2013/1/22,21:00:44,-33.9958884,18.8958273,426.64
2013/1/23,0:00:43,-34.0027418,18.9127399,1060.94
2013/1/23,3:00:43,-34.0266325,18.9588518,524.91
2013/1/23,6:01:31,-34.0412329,18.9792521,524.52
2013/1/23,12:01:54,-34.0315133,18.9743348,1252.65
2013/1/23,15:02:26,-34.0321439,18.9748010,1252.68
2013/1/23,18:01:20,-34.0238506,18.9744438,1251.87
2013/1/23,21:00:43,-34.0148110,18.9933671,1175.46
2013/1/24,0:00:43,-33.9938161,19.0021030,989.31
2013/1/24,3:00:44,-33.9674079,18.9833260,1271
2013/1/24,6:01:08,-33.9569430,18.9544821,1084.74
2013/1/24,9:00:44,-33.9489299,18.9507496,788.2
2013/1/24,12:01:25,-33.9491304,18.9508841,789.2
2013/1/24,15:00:41,-33.9491276,18.9508386,759.21
2013/1/24,18:00:43,-33.9477695,18.9490534,780.66
2013/1/24,21:00:38,-33.9363990,18.9249341,924.77
2013/1/25,0:00:43,-33.9424355,18.9138019,463.45
2013/1/25,3:00:38,-33.9460184,18.9107214,345.76
2013/1/25,6:01:33,-33.9462752,18.9292867,704.58
2013/1/25,9:01:08,-33.9480844,18.9291377,642.83
2013/1/25,12:00:43,-33.9480297,18.9291585,635.71
2013/1/25,15:00:45,-33.9479706,18.9291865,622.18
2013/1/25,18:01:02,-33.9480670,18.9291520,633.15
2013/1/25,21:00:43,-33.9487186,18.9222939,454.16
2013/1/26,0:01:14,-33.9536622,18.9160846,332.59
2013/1/26,3:01:44,-33.9694014,18.9447407,332.43
2013/1/26,6:01:31,-33.9644882,18.9704446,411.22
2013/1/26,9:00:43,-33.9649637,18.9661378,930.73
2013/1/26,18:01:31,-33.9663475,18.9644941,1010.71
2013/1/27,0:00:43,-33.9348565,18.9660505,553.92
2013/1/27,3:02:24,-33.9213079,18.9639216,552.24
2013/1/27,6:01:08,-33.9209361,18.9641359,373.43
2013/1/27,9:00:50,-33.9200153,18.9638224,373.01
2013/1/27,12:00:43,-33.9208441,18.9639982,377.86
2013/1/27,15:00:55,-33.9209273,18.9638722,376.69
2013/1/27,21:01:02,-33.9209512,18.9638556,372.74
2013/1/28,0:00:43,-33.9087921,18.9649084,296.2
2013/1/28,3:00:43,-33.8986576,18.9891831,314.22
2013/1/28,9:01:04,-33.9135728,18.9710424,328.3
2013/1/28,12:00:56,-33.9200864,18.9638276,398.91
2013/1/28,15:00:47,-33.9209017,18.9638991,380.91
2013/1/28,18:01:39,-33.9209232,18.9638582,380.95
2013/1/28,21:01:12,-33.9210413,18.9640333,381.17
2013/1/29,0:01:37,-33.9209932,18.9639339,380.15
2013/1/29,3:01:02,-33.9208604,18.9640157,373.38
2013/1/29,6:01:02,-33.9209771,18.9640470,375.64
2013/1/29,9:00:55,-33.9208767,18.9640739,374.27
2013/1/29,12:01:03,-33.9209881,18.9638339,389.95
2013/1/29,18:01:44,-33.9210034,18.9640502,380.26
2013/1/29,21:00:38,-33.9233844,18.9632035,376.38
2013/1/30,0:00:43,-33.9394827,18.9635228,446.86
2013/1/30,3:01:02,-33.9459134,18.9536511,552.89
2013/1/30,6:00:43,-33.9391226,18.9381693,524.14
2013/1/30,9:00:43,-33.9389378,18.9373864,549.22
2013/1/30,12:00:43,-33.9392543,18.9372438,559.75
2013/1/30,15:00:47,-33.9391479,18.9371748,559.37
2013/1/30,18:00:43,-33.9391626,18.9372026,555.15
2013/1/30,21:00:43,-33.9309573,18.9308020,573.41
2013/1/31,0:00:43,-33.9283329,18.9193752,520.65
2013/1/31,3:00:37,-33.9332995,18.9144660,502.5
2013/1/31,6:00:43,-33.9385934,18.9171439,536.14
2013/1/31,9:00:45,-33.9385314,18.9171711,533.83
2013/1/31,15:01:10,-33.9370221,18.9202160,590.98
2013/1/31,18:01:44,-33.9390774,18.9220648,674.88
2013/1/31,21:00:43,-33.9428989,18.9106093,331.55
2013/2/1,0:00:45,-33.9468355,18.9127767,322.14
2013/2/1,3:00:44,-33.9460941,18.9115177,360.15
2013/2/1,6:01:02,-33.9345207,18.9252676,360.28
2013/2/1,9:01:25,-33.9366769,18.9241668,827.01
2013/2/1,15:00:43,-33.9367529,18.9241393,834.18
2013/2/1,21:00:43,-33.9358549,18.9233320,858.63
2013/2/2,0:00:43,-33.9359369,18.9233212,871.98
2013/2/2,3:00:43,-33.9317832,18.9280960,645.02
2013/2/2,6:01:22,-33.9321839,18.9337923,518.05
2013/2/2,9:00:56,-33.9324721,18.9330402,535.02
2013/2/2,12:01:44,-33.9328321,18.9329593,547.33
2013/2/2,15:01:32,-33.9328111,18.9329447,557.95
2013/2/2,18:01:27,-33.9329304,18.9328462,557.99
2013/2/2,21:00:43,-33.9317540,18.9280855,646.26
2013/2/3,0:00:43,-33.9317418,18.9280820,646.49
2013/2/3,3:00:43,-33.9311048,18.9275529,629.7
2013/2/3,6:00:43,-33.9371977,18.9253301,859.37
2013/2/3,9:01:34,-33.9431582,18.9363300,858.33
2013/2/3,12:01:07,-33.9433060,18.9361890,748.01
2013/2/3,15:00:39,-33.9432388,18.9361954,748.33
2013/2/3,18:01:33,-33.9430947,18.9363509,761.35
2013/2/3,21:00:43,-33.9539056,18.9493199,732.94
2013/2/4,0:02:20,-33.9672209,18.9261583,249.39
2013/2/4,3:00:47,-33.9788813,18.9256692,629.34
2013/2/4,6:01:08,-33.9825008,18.9264711,661.63
2013/2/4,9:01:08,-33.9825079,18.9263638,723.08
2013/2/4,12:00:43,-33.9827677,18.9267209,726.83
2013/2/4,15:00:42,-33.9842082,18.9290629,727.72
2013/2/4,18:00:45,-33.9847783,18.9291428,755.55
2013/2/4,21:00:44,-33.9755938,18.9042048,1159.77
2013/2/5,0:01:14,-33.9492920,18.8876331,424.13
2013/2/5,3:00:44,-33.9497240,18.8782799,270.58
2013/2/5,6:01:14,-33.9665915,18.8873155,549.92
2013/2/5,9:01:12,-33.9664331,18.8877732,549.16
2013/2/5,12:01:02,-33.9665457,18.8876770,562.83
2013/2/5,15:01:05,-33.9665009,18.8876835,564.83
2013/2/5,18:01:39,-33.9666324,18.8878217,555.71
2013/2/6,0:00:44,-33.9968138,18.8830038,235.08
2013/2/6,3:00:43,-34.0084585,18.8853799,321.18
2013/2/6,6:00:47,-34.0189008,18.8874286,692.68
2013/2/6,9:00:43,-34.0189455,18.8875036,701.43
2013/2/6,15:00:43,-34.0189102,18.8875106,696.51
2013/2/6,18:00:43,-34.0201716,18.8882405,780.54
2013/2/6,21:00:44,-34.0259735,18.8680788,574.21
2013/2/7,0:00:43,-34.0173180,18.8571749,277.16
2013/2/7,3:00:43,-34.0343714,18.8592164,559.81
2013/2/7,6:01:56,-34.0303171,18.8590421,559.3
2013/2/7,9:01:02,-34.0306637,18.8590610,455.92
2013/2/7,12:01:32,-34.0306954,18.8589823,457.85
2013/2/7,15:00:43,-34.0307294,18.8590370,461.2
2013/2/7,18:01:05,-34.0307578,18.8591330,461.89
2013/2/7,21:01:31,-34.0313123,18.8489157,451.21
2013/2/8,0:00:43,-34.0403181,18.8608663,601.49
2013/2/8,3:00:32,-34.0409544,18.8724301,602.4
2013/2/8,6:01:10,-34.0386797,18.8746547,699.06
2013/2/8,15:01:23,-34.0386797,18.8748154,702.64
2013/2/8,18:00:55,-34.0386251,18.8747226,702.67
2013/2/9,0:01:59,-34.0320414,18.9214092,335.02
2013/2/9,3:00:43,-34.0495272,18.9581860,588.11
2013/2/9,9:00:51,-34.0377630,18.9649006,588.78
2013/2/9,18:00:43,-34.0290764,18.9650695,666.64
2013/2/9,21:00:44,-34.0263440,18.9545809,477.6
2013/2/10,0:00:45,-34.0134154,18.9522381,745.23
2013/2/10,3:01:14,-34.0102566,18.9545450,933.8
2013/2/10,6:00:43,-34.0083687,18.9570275,1201.29
2013/2/10,12:01:25,-34.0016719,18.9687463,1201.14
2013/2/10,15:01:17,-33.9996805,18.9663176,1201.42
2013/2/10,18:00:50,-34.0002108,18.9654978,1180.37
2013/2/10,21:01:14,-33.9822653,18.9510609,315.72
2013/2/11,0:00:43,-33.9705510,18.9294760,338.24
2013/2/11,3:01:02,-33.9705600,18.9295000,338.55
2013/2/11,6:01:02,-33.9706772,18.9295549,344.31
2013/2/11,9:00:43,-33.9706953,18.9295687,344.91
2013/2/11,12:00:43,-33.9706836,18.9295482,343.26
2013/2/11,15:01:02,-33.9710034,18.9294707,351.45
2013/2/11,18:00:43,-33.9710435,18.9294266,350.21
2013/2/11,21:00:44,-33.9704900,18.9294242,339.34
2013/2/12,0:00:43,-33.9705915,18.9294897,340.52
2013/2/12,3:01:13,-33.9705937,18.9296231,341.95
2013/2/12,6:01:32,-33.9798159,18.9277634,609.7
2013/2/13,3:00:44,-33.9465453,18.9533185,566.96
2013/2/13,6:00:43,-33.9473352,18.9792944,551.39
2013/2/13,9:00:37,-33.9463318,18.9784795,566.32
2013/2/13,15:01:02,-33.9457035,18.9775863,564.21
2013/2/13,18:02:08,-33.9457815,18.9754814,544.18
2013/2/13,21:01:35,-33.9312594,18.9665933,543.29
2013/2/14,0:01:44,-33.9173470,18.9615400,357.99
2013/2/14,3:00:44,-33.9219342,18.9648756,393.39
2013/2/14,6:01:31,-33.9402843,18.9396866,411.46
2013/2/14,9:00:43,-33.9400414,18.9400400,508.8
2013/2/14,12:00:38,-33.9400996,18.9400096,508.16
2013/2/14,15:00:43,-33.9401300,18.9397466,506.74
2013/2/14,18:01:28,-33.9401625,18.9397773,510.34
2013/2/14,21:00:28,-33.9349665,18.9159277,519.66
2013/2/15,3:02:28,-33.9382747,18.9095849,330.75
2013/2/15,6:00:43,-33.9345340,18.9264955,761.14
2013/2/15,12:01:07,-33.9328372,18.9332604,546.48
2013/2/15,15:00:55,-33.9327720,18.9331882,546.49
2013/2/15,21:00:43,-33.9275563,18.9137631,462.39
2013/2/16,0:01:02,-33.9350555,18.9136852,419.01
2013/2/16,3:00:44,-33.9488991,18.9237817,470.96
2013/2/16,9:00:43,-33.9529610,18.9000731,247.57
2013/2/16,12:00:58,-33.9529087,18.9002337,247.24
2013/2/16,15:01:11,-33.9528131,18.9003840,243.29
2013/2/16,21:00:43,-33.9528779,18.9002398,254.1
2013/2/17,0:01:18,-33.9529452,18.9001992,253.75
2013/2/17,3:00:53,-33.9528689,18.9002159,253.79
2013/2/17,6:01:01,-33.9528796,18.9002296,253.83
2013/2/17,9:01:24,-33.9528806,18.9002363,255.44
2013/2/17,12:01:42,-33.9534447,18.8983752,252.04
2013/2/17,15:01:24,-33.9535883,18.8983178,251.66
2013/2/17,18:00:43,-33.9533357,18.8986500,321.92
2013/2/17,21:00:44,-33.9502266,18.8955664,297.01
2013/2/18,0:01:08,-33.9489719,18.8920571,292.44
2013/2/18,3:00:38,-33.9491207,18.8924955,294.78
2013/2/18,6:01:18,-33.9491756,18.8923251,291.11
2013/2/18,9:01:12,-33.9491174,18.8924754,289.95
2013/2/18,12:01:32,-33.9491250,18.8924411,290.49
2013/2/18,15:00:45,-33.9491480,18.8924263,308.2
2013/2/18,21:00:43,-33.9485705,18.8892906,344.26
2013/2/19,0:00:42,-33.9537644,18.8860836,611.16
2013/2/19,3:00:44,-33.9574084,18.8836009,530.06
2013/2/19,6:00:45,-33.9675855,18.8877948,572.38
2013/2/19,9:01:20,-33.9715993,18.8886715,571.9
2013/2/19,12:02:27,-33.9718153,18.8887889,572.13
2013/2/19,21:00:37,-33.9811176,18.8844626,314.96
2013/2/20,6:02:04,-33.9935799,18.8874275,310.95
2013/2/20,9:00:43,-33.9932898,18.8892565,271.03
2013/2/20,12:01:02,-33.9932695,18.8892700,272.57
2013/2/20,15:01:28,-33.9935687,18.8873685,273.44
2013/2/20,18:00:43,-33.9931910,18.8878492,271.17
2013/2/20,21:01:14,-33.9931649,18.8878118,266.52
2013/2/21,0:02:02,-33.9930843,18.8878422,265.47
2013/2/21,3:01:06,-33.9934807,18.8873647,271.82
2013/2/21,6:01:07,-33.9933828,18.8874159,266.45
2013/2/21,9:02:22,-33.9856370,18.8984803,267.19
2013/2/21,12:02:20,-33.9857671,18.8957876,267.25
2013/2/21,15:01:35,-33.9843714,18.8938293,267.91
2013/2/21,21:00:49,-33.9934518,18.8873243,260.47
2013/2/22,0:00:43,-33.9938631,18.9022001,371.67
2013/2/22,3:01:31,-33.9958829,18.9185432,747.67
2013/2/22,6:01:40,-34.0016240,18.9235337,767.32
2013/2/22,9:00:56,-34.0026173,18.9234670,907.97
2013/2/22,21:00:43,-34.0073343,18.9603880,965.53
2013/2/23,0:01:03,-34.0324718,18.9751252,1168.45
2013/2/23,3:01:14,-34.0423365,18.9626490,621.98
2013/2/23,6:00:43,-34.0471989,18.9652020,841.74
2013/2/23,9:00:42,-34.0526162,18.9738524,800.76
2013/2/23,12:01:02,-34.0540997,18.9709525,860.86
2013/2/23,15:01:21,-34.0540820,18.9709560,858.4
2013/2/23,18:01:33,-34.0541128,18.9709906,856.92
2013/2/23,21:00:43,-34.0540977,18.9709112,862.97
2013/2/24,3:00:43,-34.0618263,18.9646383,724.9
2013/2/24,6:00:43,-34.0797293,18.9640526,787.05
2013/2/24,9:00:38,-34.0793673,18.9667585,848.2
2013/2/24,12:01:10,-34.0791075,18.9662143,864.03
2013/2/24,15:00:52,-34.0795723,18.9661163,882.39
2013/2/24,18:01:31,-34.0792463,18.9662005,875.19
2013/2/24,21:00:38,-34.0790816,18.9660760,877.21
2013/2/25,0:01:00,-34.0650115,18.9621217,869.99
2013/2/25,3:00:53,-34.0654433,18.9628618,692.04
2013/2/25,6:01:08,-34.0654271,18.9628292,712.55
2013/2/25,9:01:27,-34.0654016,18.9628218,716.73
2013/2/25,12:00:43,-34.0648043,18.9616881,671.91
2013/2/25,18:01:02,-34.0644628,18.9614486,642.24
2013/2/25,21:00:20,-34.0559215,18.9475769,374.35
2013/2/26,0:00:43,-34.0497058,18.9345505,267.68
2013/2/26,3:00:37,-34.0369565,18.9271104,260.29
2013/2/26,9:00:43,-34.0154450,18.9194051,685.12
2013/2/26,12:00:43,-34.0154456,18.9194417,699.31
2013/2/26,15:00:47,-34.0153712,18.9196131,690.09
2013/2/26,18:01:28,-34.0163900,18.9186329,690.67
2013/2/26,21:00:43,-34.0142640,18.9011093,384.07
2013/2/27,0:00:44,-34.0125163,18.8957683,401.41
2013/2/27,3:00:44,-34.0103868,18.8906309,372.47
2013/2/27,6:01:33,-34.0099452,18.8896670,366.41
2013/2/27,9:00:43,-34.0099631,18.8895735,334.86
2013/2/27,12:00:43,-34.0100073,18.8895905,340.1
2013/2/27,18:00:43,-34.0099776,18.8896290,325.32
2013/2/27,21:00:44,-34.0107294,18.8910780,368
2013/2/28,6:00:43,-33.9970074,18.8919612,346.32
2013/2/28,9:00:43,-33.9958574,18.8959405,421
2013/2/28,12:01:38,-33.9957868,18.8959224,429.05
2013/2/28,18:01:02,-33.9958629,18.8959400,429.04
2013/2/28,21:01:30,-33.9881837,18.8796252,429.55
2013/3/1,0:00:53,-33.9852190,18.8844095,307.34
2013/3/1,3:00:59,-33.9853613,18.8845744,308.97
2013/3/1,6:01:31,-33.9851155,18.8855018,338.69
2013/3/1,9:01:14,-33.9848326,18.8858449,354.83
2013/3/1,12:01:44,-33.9848216,18.8858203,362
2013/3/1,15:01:02,-33.9848906,18.8856560,368.54
2013/3/1,18:01:31,-33.9851506,18.8856832,341.86
2013/3/1,21:02:10,-33.9817445,18.8898232,340.61
2013/3/2,0:00:43,-33.9766427,18.8904810,620.27
2013/3/2,3:00:22,-33.9828349,18.9201135,815.96
2013/3/2,9:00:43,-33.9800285,18.9270299,640.91
2013/3/2,12:01:16,-33.9804736,18.9276693,637.43
2013/3/2,15:00:41,-33.9804787,18.9277242,634.81
2013/3/2,18:00:43,-33.9803005,18.9276561,617.61
2013/3/2,21:00:44,-33.9834052,18.9502145,330.31
2013/3/3,3:00:46,-33.9455252,18.9329524,969.66
2013/3/3,6:00:43,-33.9322549,18.9339475,506.35
2013/3/3,9:00:38,-33.9343016,18.9366736,568.38
2013/3/3,21:00:43,-33.9344930,18.9366539,529.66
2013/3/4,3:01:01,-33.9344931,18.9366583,517.1
2013/3/4,6:00:50,-33.9344854,18.9367267,516.58
2013/3/4,9:01:02,-33.9342282,18.9366872,521.36
2013/3/4,15:02:08,-33.9341600,18.9369330,521.85
2013/3/4,21:00:50,-33.9343993,18.9366442,514.65
2013/3/5,0:02:01,-33.9344682,18.9367152,530.16
2013/3/5,3:01:14,-33.9345168,18.9365922,532.9
2013/3/5,6:00:43,-33.9485063,18.9442647,834.73
2013/3/5,15:01:31,-33.9493174,18.9510594,835.37
2013/3/5,18:01:02,-33.9492104,18.9509029,774.22
2013/3/5,21:02:14,-33.9519833,18.9648790,576.95
2013/3/6,0:00:43,-33.9455021,18.9745474,525.77
2013/3/6,3:00:55,-33.9394704,18.9724908,653.08
2013/3/6,6:00:43,-33.9207421,18.9705011,590.02
2013/3/6,9:00:58,-33.9178288,18.9742280,662.03
2013/3/6,15:00:43,-33.9176662,18.9746396,635.09
2013/3/6,18:00:43,-33.9144256,18.9833092,537.08
2013/3/6,21:00:44,-33.9060547,18.9981398,642.21
2013/3/7,3:00:43,-33.9134703,18.9653344,332.65
2013/3/7,6:01:16,-33.9339985,18.9672173,319.19
2013/3/7,9:01:38,-33.9335566,18.9673140,603.43
2013/3/7,12:01:33,-33.9335048,18.9672139,568.97
2013/3/7,15:01:06,-33.9389051,18.9703004,586.86
2013/3/7,18:01:08,-33.9390929,18.9705791,580.97
2013/3/7,21:00:43,-33.9474118,18.9621467,472.52
2013/3/8,0:00:32,-33.9516504,18.9249467,472.44
2013/3/8,3:00:43,-33.9423595,18.9124641,416.88
2013/3/8,6:01:08,-33.9425534,18.9125176,402.82
2013/3/8,9:00:53,-33.9424924,18.9125857,402.14
2013/3/8,12:01:06,-33.9425765,18.9125498,431.26
2013/3/8,15:01:17,-33.9425460,18.9125261,425.53
2013/3/8,21:00:43,-33.9366075,18.9166758,517.82
2013/3/9,0:01:44,-33.9354215,18.9161395,466.15
2013/3/9,3:00:47,-33.9354496,18.9223340,461.51
2013/3/9,6:00:43,-33.9469885,18.9422821,834.16
2013/3/9,9:00:44,-33.9470119,18.9422418,826.72
2013/3/9,12:00:43,-33.9471975,18.9419439,844.48
2013/3/9,18:00:43,-33.9472455,18.9417565,838.36
2013/3/9,21:01:00,-33.9613157,18.9763450,838.84
2013/3/10,0:00:46,-33.9918689,18.9960696,959.08
2013/3/10,3:00:44,-34.0158591,18.9894338,1178.34
2013/3/10,6:01:36,-34.0357574,18.9600014,1177.25
2013/3/10,9:00:44,-34.0418561,18.9677876,768.74
2013/3/10,12:00:56,-34.0441097,18.9676682,768.45
2013/3/10,21:01:06,-34.0510739,18.9695047,787.84
2013/3/11,3:00:38,-34.0543603,18.9710450,798.44
2013/3/11,9:00:44,-34.0510433,18.9301149,239.22
2013/3/11,12:00:56,-34.0512583,18.9304723,239.65
2013/3/11,15:01:30,-34.0513011,18.9304717,250.49
2013/3/11,18:01:23,-34.0512631,18.9305894,231.73
2013/3/11,21:01:07,-34.0332571,18.9249930,265.78
2013/3/12,0:02:25,-34.0166075,18.9215593,265.23
2013/3/12,3:01:36,-34.0117604,18.9082738,345.11
2013/3/12,6:01:02,-34.0120750,18.9087497,552.61
2013/3/12,12:01:57,-34.0118497,18.9087108,552.11
2013/3/12,15:01:02,-34.0115229,18.9084522,552.21
2013/3/12,18:00:43,-34.0115557,18.9087958,584.36
2013/3/12,21:00:38,-34.0231372,18.9021310,559.5
2013/3/13,0:00:43,-34.0499660,18.8798450,278.54
2013/3/13,3:00:44,-34.0531474,18.8754825,256.41
2013/3/13,9:00:48,-34.0398549,18.8729311,255.96
2013/3/13,12:01:10,-34.0397257,18.8726769,705.93
2013/3/13,15:08:05,-34.0397031,18.8725440,695.34
2013/3/13,18:00:50,-34.0400435,18.8724636,694.83
2013/3/13,21:01:09,-34.0372632,18.8608912,719.1
2013/3/14,0:00:43,-34.0373552,18.8607829,757.58
2013/3/14,3:00:43,-34.0340906,18.8623007,652.38
2013/3/14,6:00:43,-34.0356506,18.8681227,803.51
2013/3/14,9:00:45,-34.0288993,18.8728067,699.31
2013/3/14,12:01:02,-34.0289667,18.8727253,693.6
2013/3/14,15:01:48,-34.0290246,18.8727568,687.66
2013/3/14,21:01:55,-34.0246323,18.8766294,651.6
2013/3/15,0:00:43,-34.0174339,18.8895847,592.38
2013/3/15,3:01:00,-34.0103265,18.9245622,593.34
2013/3/15,6:00:43,-34.0139573,18.9531197,763.42
2013/3/15,9:00:39,-34.0137625,18.9554627,772.19
2013/3/15,12:01:35,-34.0138713,18.9554379,832.96
2013/3/15,15:01:07,-34.0151593,18.9555296,769.62
2013/3/15,18:01:32,-34.0155039,18.9571089,739.79
2013/3/16,0:00:43,-34.0335926,18.9763276,1204.09
2013/3/16,3:02:18,-34.0395002,18.9664798,1205.65
2013/3/16,6:01:23,-34.0510543,18.9301331,226.71
2013/3/16,9:01:01,-34.0511207,18.9299443,237.23
2013/3/16,12:00:59,-34.0511330,18.9299607,247.71
2013/3/16,15:01:55,-34.0512257,18.9302487,250.36
2013/3/16,18:01:50,-34.0512806,18.9298723,250.29
2013/3/16,21:00:43,-34.0675851,18.9264649,221.07
2013/3/17,0:00:43,-34.0736102,18.9365557,382.38
2013/3/17,3:01:02,-34.0558996,18.9561363,456.51
2013/3/17,6:00:43,-34.0268792,18.9576502,498.67
2013/3/17,12:01:07,-34.0198780,18.9588293,501.71
2013/3/17,15:02:49,-34.0201523,18.9586375,606.76
2013/3/17,21:00:45,-34.0201886,18.9587507,606.16
2013/3/18,6:03:05,-34.0201027,18.9585140,605.98
2013/3/18,9:01:02,-34.0201738,18.9587165,605.02
2013/3/18,18:01:21,-34.0197176,18.9592131,610.28
2013/3/19,0:02:14,-34.0199713,18.9576751,597.19
2013/3/19,3:01:23,-34.0097900,18.9443570,613.61
2013/3/19,6:01:28,-33.9996155,18.9473522,663.11
2013/3/19,9:01:31,-33.9933149,18.9374985,753.39
2013/3/19,12:00:43,-33.9935925,18.9318257,974.23
2013/3/19,15:01:02,-33.9935838,18.9317333,973.87
2013/3/19,18:00:43,-33.9923873,18.9310432,1000.79
2013/3/19,21:00:37,-33.9744711,18.9225069,349.65
2013/3/20,0:00:43,-33.9645993,18.9330171,292.68
2013/3/20,3:01:34,-33.9368129,18.9251799,292.29
2013/3/20,6:00:43,-33.9489075,18.9500646,797.27
2013/3/20,9:00:57,-33.9472324,18.9575120,537.88
2013/3/20,12:01:11,-33.9472337,18.9575231,526.93
2013/3/20,15:01:58,-33.9472909,18.9574925,530.03
2013/3/20,18:00:43,-33.9475223,18.9583980,516.97
2013/3/20,21:00:45,-33.9524850,18.9658300,573.08
2013/3/21,0:00:43,-33.9519988,18.9776832,458.03
2013/3/21,3:00:45,-33.9401779,18.9694463,547.2
2013/3/21,9:00:50,-33.9133756,18.9710878,547.24
2013/3/21,12:01:16,-33.9137903,18.9708258,399.94
2013/3/21,15:01:32,-33.9137727,18.9710348,393.89
2013/3/21,18:01:38,-33.9137405,18.9709763,395.62
2013/3/22,0:00:43,-33.9050299,19.0006162,515.56
2013/3/22,3:00:44,-33.9032808,19.0024966,424.19
2013/3/22,6:01:08,-33.9065402,19.0035013,441.97
2013/3/22,9:00:44,-33.9068589,19.0029595,444.94
2013/3/22,12:01:03,-33.9066452,19.0028940,435.41
2013/3/22,15:02:06,-33.9064314,19.0029952,434.83
2013/3/22,18:01:14,-33.9063842,19.0031376,444.42
2013/3/22,21:00:44,-33.9063585,19.0031581,443.29
2013/3/23,0:01:02,-33.9063552,19.0031785,443.83
2013/3/23,3:01:28,-33.9075417,19.0070832,378.87
2013/3/23,12:00:38,-33.9100396,19.0019397,538.47
2013/3/23,15:01:02,-33.9102257,19.0016095,574.09
2013/3/23,21:00:43,-33.9136135,18.9812900,497.22
2013/3/24,0:00:43,-33.9200937,18.9696345,600.2
2013/3/24,6:01:07,-33.9456779,18.9537355,548.73
2013/3/24,9:00:35,-33.9487894,18.9506613,643.04
2013/3/24,12:01:02,-33.9490726,18.9508911,782.6
2013/3/24,15:00:56,-33.9490748,18.9508640,780.45
2013/3/24,18:02:02,-33.9488401,18.9498997,801.22
2013/3/24,21:01:03,-33.9312799,18.9185564,579.33
2013/3/25,0:00:43,-33.9418392,18.9113714,398.75
2013/3/25,3:00:44,-33.9435744,18.9101414,325.89
2013/3/25,6:00:43,-33.9655854,18.9154395,339.72
2013/3/25,9:00:28,-33.9658661,18.9068159,379.4
2013/3/25,12:00:43,-33.9657941,18.9067653,457.48
2013/3/25,15:01:24,-33.9657520,18.9067618,455.47
2013/3/25,18:02:13,-33.9618216,18.9026310,456.57
2013/3/25,21:00:43,-33.9430030,18.8868054,242.76
2013/3/26,0:00:43,-33.9397207,18.8829776,194.49
2013/3/26,3:00:44,-33.9397399,18.8829574,191.33
2013/3/26,6:00:44,-33.9525992,18.8844681,488.02
2013/3/26,21:00:43,-33.9574837,18.8836974,526.62
2013/3/27,0:00:43,-33.9644029,18.8832537,491.48
2013/3/27,3:00:44,-33.9737258,18.8828829,329.19
2013/3/27,6:00:43,-33.9742616,18.8828821,332.25
2013/3/27,9:01:12,-33.9721967,18.8872299,341.11
2013/3/27,12:00:57,-33.9721082,18.8869950,414.75
2013/3/27,18:00:44,-33.9720959,18.8868716,416.77
2013/3/27,21:00:43,-33.9721211,18.8866327,410.82
2013/3/28,0:00:47,-33.9721164,18.8867084,404.44
2013/3/28,3:01:41,-33.9722525,18.8866510,403.5
2013/3/28,6:00:43,-33.9722044,18.8865516,402.49
2013/3/28,21:00:43,-33.9823355,18.8863466,429.41
2013/3/29,6:00:43,-34.0100265,18.9436536,651.6
2013/3/29,9:01:25,-34.0162826,18.9640978,651.11
2013/3/29,12:00:57,-34.0176061,18.9659621,973.41
2013/3/29,15:00:32,-34.0247548,18.9743977,974.61
2013/3/30,3:00:37,-34.0604406,18.9670537,777.31
2013/3/30,6:01:10,-34.0710708,18.9664144,779.25
2013/3/30,9:01:32,-34.0707982,18.9658605,1116.71
2013/3/30,12:01:31,-34.0686666,18.9648984,1116.51
2013/3/30,15:00:43,-34.0701813,18.9657754,1105.45
2013/3/30,18:01:05,-34.0691023,18.9666352,1146.79
2013/3/30,21:01:53,-34.0658067,18.9609601,1143
2013/3/31,9:00:44,-34.0512069,18.9251646,223.08
2013/3/31,12:00:43,-34.0516747,18.9248080,217.73
2013/3/31,15:01:02,-34.0516331,18.9248347,224.56
2013/3/31,18:01:48,-34.0518621,18.9250911,203.05
2013/3/31,21:00:44,-34.0363534,18.9277858,248.57
2013/4/1,0:00:43,-34.0311286,18.9166700,315.22
2013/4/1,3:00:43,-34.0221201,18.9055711,678.38
2013/4/1,21:00:43,-34.0173986,18.9026994,503.44
2013/4/2,0:01:13,-34.0070710,18.8929735,490.31
2013/4/2,3:00:43,-34.0072877,18.8850276,325.94
2013/4/2,18:00:43,-34.0187715,18.8876572,694.27
2013/4/2,21:00:58,-34.0198399,18.8696212,693.84
2013/4/3,0:01:38,-34.0178369,18.8695919,370.62
2013/4/3,3:01:00,-34.0178036,18.8695267,370.74
2013/4/3,6:01:08,-34.0179295,18.8698283,375.08
2013/4/3,9:00:39,-34.0177957,18.8697108,380.99
2013/4/3,12:00:57,-34.0178246,18.8696699,381.59
2013/4/3,18:01:34,-34.0178961,18.8694418,368.06
2013/4/4,0:01:14,-34.0177894,18.8695699,389.17
2013/4/4,3:01:08,-34.0178389,18.8695262,381.02
2013/4/4,6:00:43,-34.0179509,18.8694660,367.98
2013/4/4,9:01:12,-34.0179589,18.8694490,366.66
2013/4/4,18:01:14,-34.0176429,18.8680779,368.55
2013/4/4,21:00:43,-34.0234124,18.8819456,669.76
2013/4/5,0:00:43,-34.0233842,18.8819825,677.98
2013/4/5,3:01:29,-34.0253323,18.8788455,690.29
2013/4/5,6:00:43,-34.0324377,18.8734093,864.92
2013/4/5,12:00:32,-34.0350273,18.8764938,866.58
2013/4/5,15:01:02,-34.0357226,18.8765208,775.6
2013/4/5,18:02:02,-34.0358172,18.8764965,786.87
2013/4/5,21:00:43,-34.0126957,18.9240379,554.26
2013/4/6,3:00:43,-34.0498239,18.9669489,787.66
2013/4/6,6:00:57,-34.0431516,18.9897984,1350.92
2013/4/6,9:00:44,-34.0342019,19.0063298,1255.88
2013/4/6,12:00:50,-34.0341883,19.0062681,1256.32
2013/4/6,15:01:14,-34.0341756,19.0065000,1265.55
2013/4/6,21:00:43,-34.0048760,18.9941841,600.89
2013/4/7,0:00:43,-33.9782104,18.9744788,703.98
2013/4/7,3:01:41,-33.9515218,18.9399853,674.49
2013/4/7,9:01:08,-33.9325400,18.9332650,552.5
2013/4/7,12:01:02,-33.9325096,18.9332477,552.13
2013/4/7,15:01:41,-33.9327357,18.9331949,545.31
2013/4/7,18:01:48,-33.9326361,18.9332969,545.6
2013/4/7,21:00:43,-33.9467716,18.9395531,853.78
2013/4/8,0:00:57,-33.9513212,18.9643799,852.56
2013/4/8,3:01:07,-33.9527806,18.9663812,794.74
2013/4/8,6:00:37,-33.9401116,18.9536553,404.1
2013/4/8,9:00:48,-33.9466852,18.9568661,406.01
2013/4/8,15:01:28,-33.9467101,18.9582688,405.49
2013/4/9,0:01:27,-33.9470748,18.9585104,406.28
2013/4/9,9:01:19,-33.9466795,18.9578849,453.51
2013/4/9,12:01:59,-33.9468135,18.9582595,442.17
2013/4/9,15:00:43,-33.9469964,18.9582642,524.84
2013/4/10,0:00:43,-33.9466748,18.9580200,516.96
2013/4/10,3:01:08,-33.9466551,18.9580164,516.63
2013/4/10,9:01:02,-33.9538966,18.9664152,551.79
2013/4/10,12:00:50,-33.9538391,18.9659085,552.31
2013/4/10,15:01:02,-33.9536391,18.9655739,653.3
2013/4/10,18:00:43,-33.9544514,18.9588965,754.02
2013/4/10,21:00:55,-33.9550581,18.9525785,752.53
2013/4/11,0:01:31,-33.9341236,18.9146596,400.67
2013/4/11,3:00:43,-33.9504943,18.9243266,442.69
2013/4/11,6:01:32,-33.9800000,18.9269682,640.24
2013/4/11,9:00:38,-33.9800332,18.9270270,634.77
2013/4/11,12:00:43,-33.9799141,18.9268901,625.74
2013/4/11,15:00:38,-33.9799725,18.9269861,628.67
2013/4/11,18:00:43,-33.9788954,18.9238726,630.59
2013/4/11,21:00:44,-33.9729392,18.9076617,945.43
2013/4/12,0:01:31,-33.9630907,18.8890479,945.66
2013/4/12,3:00:44,-33.9821307,18.8912039,586.57
2013/4/12,6:00:40,-33.9940637,18.9000605,345.83
2013/4/12,9:03:01,-33.9941314,18.9003156,420.54
2013/4/12,12:00:43,-33.9958599,18.8947934,381.25
2013/4/12,15:00:44,-33.9959047,18.8948597,366.73
2013/4/12,18:00:43,-33.9958791,18.8947732,378.09
2013/4/12,21:01:32,-33.9938221,18.8953425,303.29
2013/4/13,0:00:43,-33.9938502,18.8953805,300.47
2013/4/13,3:01:22,-33.9938773,18.8953840,301.36
2013/4/13,9:00:43,-33.9935493,18.8953608,314.18
2013/4/13,12:00:43,-33.9937169,18.8954066,308.07
2013/4/13,15:01:00,-33.9938498,18.8953697,307.68
2013/4/14,3:01:14,-33.9937797,18.8954074,301.33
2013/4/14,6:00:43,-33.9937851,18.8954411,309.39
2013/4/14,9:00:35,-33.9938734,18.8953422,310.95
2013/4/14,12:00:50,-33.9938363,18.8953465,295.59
2013/4/14,18:00:58,-33.9938546,18.8953732,306.9
2013/4/15,0:01:29,-33.9937755,18.8954276,305.6
2013/4/15,2:00:44,-33.9937842,18.8954066,313.1
2013/4/15,3:00:32,-33.9937629,18.8954133,313.04
2013/4/15,4:01:05,-33.9938520,18.8953425,305.53
2013/4/15,5:00:22,-33.9939172,18.8954489,305.54
2013/4/15,7:00:43,-33.9965320,18.9012687,483.52
2013/4/15,18:00:43,-34.0011952,18.9027375,778.83
2013/4/15,19:00:04,-34.0023980,18.9043391,779.51
2013/4/15,20:00:13,-34.0064409,18.9045248,604.64
2013/4/15,21:00:44,-34.0118447,18.9085959,577.96
2013/4/15,22:00:12,-34.0156145,18.9128676,684.06
2013/4/15,23:00:24,-34.0132520,18.9243987,623.72
2013/4/16,0:00:43,-34.0102745,18.9430908,644.81
2013/4/16,1:00:12,-34.0236872,18.9600322,563.85
2013/4/16,3:01:15,-34.0399512,18.9689879,563.5
2013/4/16,12:01:32,-34.0434200,18.9688042,563.75
2013/4/16,15:01:02,-34.0499264,18.9689001,845.84
2013/4/17,6:00:57,-34.0448250,18.9496018,427.73
2013/4/17,9:00:39,-34.0294858,18.9559055,424.26
2013/4/17,12:02:26,-34.0277752,18.9577987,424.74
2013/4/17,15:00:43,-34.0271899,18.9603084,465.5
2013/4/18,12:01:02,-33.9996012,18.9474726,611.81
2013/4/18,15:00:43,-33.9995813,18.9474969,606.14
2013/4/18,18:00:43,-33.9910525,18.9437320,696.32
2013/4/18,21:00:44,-33.9754717,18.9258016,387.15
2013/4/19,0:01:19,-33.9586107,18.9405322,387.52
2013/4/19,3:00:47,-33.9518187,18.9759041,446.51
2013/4/19,6:00:44,-33.9232849,18.9629846,369.5
2013/4/19,9:00:42,-33.9138254,18.9707635,370.86
2013/4/19,12:01:02,-33.9138307,18.9707114,380.73
2013/4/19,15:01:08,-33.9137871,18.9707245,384.35
2013/4/19,18:01:38,-33.9120422,18.9684950,376.51
2013/4/19,21:00:50,-33.9210384,18.9639067,340.43
2013/4/20,0:00:43,-33.9392174,18.9628797,427.92
2013/4/20,3:00:44,-33.9423588,18.9401085,637.28
2013/4/20,6:00:45,-33.9358248,18.9158740,478.47
2013/4/20,9:00:44,-33.9385836,18.9170448,534.18
2013/4/20,12:00:43,-33.9385497,18.9169560,530.8
2013/4/20,15:00:43,-33.9384237,18.9172045,537.25
2013/4/20,18:00:43,-33.9384730,18.9172764,539.86
2013/4/20,21:00:44,-33.9409429,18.9293601,947.67
2013/4/21,3:00:43,-33.9504409,18.9206344,408.52
2013/4/21,6:00:43,-33.9505301,18.9204096,402.77
2013/4/21,9:00:38,-33.9505369,18.9204201,399.86
2013/4/21,12:01:02,-33.9505539,18.9204271,398.85
2013/4/21,15:00:38,-33.9507025,18.9206195,399.44
2013/4/21,18:00:43,-33.9507361,18.9205756,393.91
2013/4/21,21:00:43,-33.9504425,18.9206242,408.25
2013/4/22,0:00:43,-33.9504748,18.9206826,406.52
2013/4/22,3:00:44,-33.9504763,18.9207066,406.27
2013/4/22,6:00:43,-33.9499073,18.9210978,437.35
2013/4/22,9:00:43,-33.9462669,18.9280817,671.92
2013/4/22,12:00:50,-33.9462259,18.9280849,671.53
2013/4/22,15:01:38,-33.9462811,18.9280472,676.76
2013/4/22,18:01:19,-33.9463217,18.9280653,666.47
2013/4/22,21:00:43,-33.9499883,18.9312327,676.48
2013/4/23,0:00:43,-33.9567855,18.9542187,1073.09
2013/4/23,3:00:44,-33.9628027,18.9684724,1243.7
2013/4/23,6:00:59,-33.9728417,18.9840429,1178.02
2013/4/23,9:01:16,-33.9731171,18.9846196,937.63
2013/4/23,12:01:35,-33.9736593,18.9843258,932.46
2013/4/23,15:01:07,-33.9736673,18.9842702,943.68
2013/4/23,18:01:14,-33.9786761,18.9874117,956.56
2013/4/23,21:00:44,-34.0039514,19.0112126,1300.1
2013/4/24,3:00:57,-34.0573524,18.9665251,1300.2
2013/4/24,9:00:43,-34.0795796,18.9644275,799.11
2013/4/24,18:02:26,-34.0798242,18.9676597,798.27
2013/4/24,21:00:43,-34.0796552,18.9474277,429.79
2013/4/25,6:01:38,-34.0150975,18.9234074,429.4
2013/4/25,15:01:52,-34.0145682,18.9194001,595.05
2013/4/25,18:01:02,-34.0155084,18.9194425,692.57
2013/4/25,21:00:43,-34.0087585,18.9025544,481.04
2013/4/26,0:00:50,-34.0062564,18.9026878,481.2
2013/4/27,0:00:43,-34.0065233,18.9028350,501.69
2013/4/27,3:01:24,-34.0092165,18.9079050,650.69
2013/4/27,6:01:14,-34.0099921,18.9083885,696.6
2013/4/27,9:00:43,-34.0100220,18.9085556,707.77
2013/4/27,15:01:02,-34.0099623,18.9085621,708.65
2013/4/27,18:02:04,-34.0102879,18.9100325,753.45
2013/4/27,21:00:44,-34.0223733,18.9035487,592.1
2013/4/28,0:00:43,-34.0380694,18.8732172,842.16
2013/4/28,3:00:43,-34.0385029,18.8634914,792.41
2013/4/28,6:00:40,-34.0403376,18.8678872,791.23
2013/4/28,9:00:43,-34.0403601,18.8678464,787.54
2013/4/28,12:00:46,-34.0403600,18.8678872,792.91
2013/4/28,15:01:32,-34.0402656,18.8678837,786.98
2013/4/28,18:01:03,-34.0403743,18.8678977,790.56
2013/4/28,21:00:44,-34.0322732,18.8549155,405.95
2013/4/29,0:00:43,-34.0294771,18.8653668,538.27
2013/4/29,3:00:43,-34.0174562,18.8676153,359.91
2013/4/29,9:00:45,-34.0174059,18.8675431,361.04
2013/4/29,12:01:36,-34.0174177,18.8676493,360.87
2013/4/29,15:00:52,-34.0174870,18.8675364,365.58
2013/4/29,18:01:14,-34.0174092,18.8675954,347.98
2013/4/30,6:01:32,-34.0191611,18.8872011,685.65
2013/4/30,9:00:44,-34.0191006,18.8872459,677.72
2013/4/30,12:01:40,-34.0191009,18.8871774,677.68
2013/4/30,15:01:12,-34.0191014,18.8872011,681.17
2013/4/30,18:00:43,-34.0188400,18.8875354,679.45
2013/4/30,21:00:40,-34.0097928,18.9299906,607.8
2013/5/1,0:01:26,-34.0287643,18.9568124,417.7
2013/5/1,2:00:40,-34.0443066,18.9608280,636.1
2013/5/1,3:02:15,-34.0519482,18.9720093,635.39
2013/5/1,4:01:50,-34.0515138,18.9748257,792.42
2013/5/1,5:00:43,-34.0539698,18.9714579,787.53
2013/5/1,6:00:57,-34.0548183,18.9708639,787.55
2013/5/1,7:01:25,-34.0551696,18.9707291,787.03
2013/5/1,8:01:10,-34.0546018,18.9705355,848.08
2013/5/1,9:00:21,-34.0546437,18.9706075,850.15
2013/5/1,10:01:36,-34.0543327,18.9704366,863.68
2013/5/1,11:00:29,-34.0543171,18.9703268,905.53
2013/5/1,12:00:26,-34.0538031,18.9700846,938.11
2013/5/1,13:01:46,-34.0544105,18.9703176,859.84
2013/5/1,14:00:44,-34.0548410,18.9704478,849.89
2013/5/1,15:00:38,-34.0569085,18.9709782,806.99
2013/5/1,16:01:14,-34.0562713,18.9664429,725.87
2013/5/1,17:02:55,-34.0559211,18.9662246,688.7
2013/5/1,18:01:20,-34.0618150,18.9667957,689.26
2013/5/1,19:00:55,-34.0709078,18.9652274,747.08
2013/5/1,21:01:07,-34.0829016,18.9698354,739.8
2013/5/1,22:01:04,-34.0854690,18.9680738,775.67
2013/5/1,23:01:19,-34.0896728,18.9671237,775.26
2013/5/2,0:01:06,-34.0943724,18.9616252,704.33
2013/5/2,1:00:32,-34.0926170,18.9551625,703.03
2013/5/2,3:01:14,-34.0787050,18.9541513,548.12
2013/5/2,6:01:02,-34.0726702,18.9611682,795.36
2013/5/2,9:00:43,-34.0724304,18.9638359,911.44
2013/5/2,12:01:03,-34.0724078,18.9637843,911.59
2013/5/2,15:00:50,-34.0715951,18.9642281,911.01
2013/5/2,18:01:18,-34.0707754,18.9638424,915.16
2013/5/2,21:00:44,-34.0655886,18.9318396,248.66
2013/5/3,0:01:08,-34.0497081,18.9336683,249.44
2013/5/3,3:01:40,-34.0407722,18.9651011,255.39
2013/5/3,21:00:43,-34.0337539,18.9780380,1274.07
2013/5/4,0:00:49,-34.0054959,18.9937391,1273.19
2013/5/4,6:02:04,-33.9669827,18.9634155,573.2
2013/5/4,9:01:14,-33.9533673,18.9659313,572.75
2013/5/4,12:01:31,-33.9501140,18.9610123,534.01
2013/5/4,15:00:52,-33.9499407,18.9616069,528.54
2013/5/4,18:00:43,-33.9484444,18.9555006,587.08
2013/5/4,21:00:43,-33.9411822,18.9436566,492.71
2013/5/5,3:00:43,-33.9367336,18.9241145,844.53
2013/5/5,6:00:44,-33.9378767,18.9168081,536.07
2013/5/5,9:00:42,-33.9387388,18.9172413,526.51
2013/5/5,12:00:43,-33.9385820,18.9170551,534.45
2013/5/5,15:00:42,-33.9385183,18.9170925,532.4
2013/5/5,18:00:43,-33.9385535,18.9170790,531.97
2013/5/5,21:01:02,-33.9493111,18.9218773,444.26
2013/5/6,0:00:43,-33.9460321,18.9535695,554.81
2013/5/6,3:01:20,-33.9432331,18.9654896,437.65
2013/5/6,6:00:43,-33.9413499,18.9633014,409.54
2013/5/6,9:00:43,-33.9413365,18.9632848,402.8
2013/5/6,12:00:37,-33.9413281,18.9632845,405.99
2013/5/6,15:00:44,-33.9413289,18.9633596,407.65
2013/5/6,18:00:43,-33.9423360,18.9644534,410.01
2013/5/6,21:00:44,-33.9413105,18.9632944,408.88
2013/5/7,0:00:43,-33.9423504,18.9644703,413.01
2013/5/7,3:00:43,-33.9423807,18.9643271,409.79
2013/5/7,6:00:44,-33.9373074,18.9677981,574.39
2013/5/7,12:01:10,-33.9333119,18.9675671,584.66
2013/5/7,15:01:49,-33.9334136,18.9675579,580.43
2013/5/7,18:00:56,-33.9341345,18.9712938,579.8
2013/5/7,21:01:21,-33.9209283,18.9707088,573.64
2013/5/8,0:01:04,-33.9285707,18.9660456,431.27
2013/5/8,3:01:17,-33.9358568,18.9691399,657.7
2013/5/8,6:00:43,-33.9460932,18.9797910,612.8
2013/5/8,9:00:43,-33.9515366,18.9830970,759.78
2013/5/8,12:00:43,-33.9514422,18.9829819,778.92
2013/5/8,15:00:54,-33.9521113,18.9837412,790.43
2013/5/8,18:01:33,-33.9522397,18.9837201,806.87
2013/5/9,0:00:43,-33.9492805,18.9507859,787.73
2013/5/9,3:01:35,-33.9313662,18.9190518,591.96
2013/5/9,6:02:24,-33.9353226,18.9154006,505.73
2013/5/9,9:00:50,-33.9416724,18.9228773,530.13
2013/5/9,12:01:02,-33.9417063,18.9228934,546.02
2013/5/10,0:00:43,-33.9682045,18.9147595,477.61
2013/5/10,3:01:23,-33.9517288,18.8950162,402.23
2013/5/10,6:01:08,-33.9589708,18.8840992,517.97
2013/5/10,9:01:52,-33.9664378,18.8874470,517.95
2013/5/10,18:00:37,-33.9694836,18.8858568,492.52
2013/5/10,21:00:44,-33.9881841,18.8800591,243.44
2013/5/11,0:01:02,-33.9960328,18.8936287,359.96
2013/5/11,3:00:43,-33.9960078,18.8936387,362.29
2013/5/11,6:00:43,-33.9959929,18.8937179,354
2013/5/11,9:00:43,-33.9958091,18.8941749,362.78
2013/5/11,12:00:43,-33.9959689,18.8939359,366.9
2013/5/11,15:00:52,-33.9959790,18.8937653,359.87
2013/5/11,18:00:43,-33.9960222,18.8937756,363.49
2013/5/12,3:00:54,-33.9960142,18.8936319,361.24
2013/5/12,6:00:37,-33.9959843,18.8939125,360.78
2013/5/13,3:01:20,-33.9941464,18.9001249,360.84
2013/5/13,6:00:43,-33.9912066,18.9067390,583.31
2013/5/13,12:01:05,-33.9868305,18.9261983,750.6
2013/5/13,15:01:01,-33.9865878,18.9263618,876.39
2013/5/13,21:01:13,-33.9765834,18.9511988,343.74
2013/5/14,0:01:08,-33.9610999,18.9670211,1167.95
2013/5/14,3:00:45,-33.9443812,18.9646552,397.09
2013/5/14,9:00:43,-33.9131212,18.9709274,361.57
2013/5/14,12:01:16,-33.9131081,18.9709236,365.54
2013/5/14,15:00:57,-33.9121998,18.9708318,372.02
2013/5/14,21:00:43,-33.9046566,19.0057982,387.15
2013/5/15,0:00:43,-33.9046910,19.0140809,333.06
2013/5/15,3:00:43,-33.9067793,19.0414240,341.57
2013/5/15,6:01:08,-33.9357408,19.0464925,418.87
2013/5/15,9:00:44,-33.9380836,19.0376017,571.82
2013/5/15,12:00:43,-33.9357545,19.0397445,633.37
2013/5/15,15:00:44,-33.9357410,19.0397684,632.01
2013/5/15,18:00:43,-33.9373024,19.0427405,498.2
2013/5/15,21:01:31,-33.9493523,19.0432454,514.48
2013/5/16,0:01:15,-33.9575577,19.0340247,1071.19
2013/5/16,3:00:43,-33.9695088,19.0173357,1537.13
2013/5/16,9:01:50,-33.9931806,19.0156561,1537.43
2013/5/16,15:01:50,-33.9921917,19.0096699,1056.23
2013/5/16,18:01:28,-33.9979734,19.0113379,1056.59
2013/5/16,21:00:44,-33.9735163,18.9618824,608.84
2013/5/17,3:00:37,-33.9466068,18.9394630,855.88
2013/5/17,6:02:08,-33.9349274,18.9351155,552.97
2013/5/17,9:00:44,-33.9392011,18.9370102,568.51
2013/5/17,12:00:43,-33.9392160,18.9375282,549.93
2013/5/17,15:00:44,-33.9397113,18.9372377,584.71
2013/5/17,18:00:52,-33.9394843,18.9387755,584.52
2013/5/17,21:01:39,-33.9274194,18.9086769,325.5
2013/5/18,0:00:43,-33.9412682,18.9121901,431.98
2013/5/18,3:00:43,-33.9401810,18.9085963,288.79
2013/5/18,6:00:43,-33.9401891,18.9085452,287.44
2013/5/18,9:00:44,-33.9402012,18.9085829,287.24
2013/5/18,12:01:18,-33.9402247,18.9084291,286.94
2013/5/18,15:01:03,-33.9403045,18.9086788,293.51
2013/5/18,21:01:47,-33.9402084,18.9085721,295.01
2013/5/19,0:01:02,-33.9402137,18.9085180,286.97
2013/5/19,3:00:44,-33.9487848,18.9077983,253.43
2013/5/19,6:00:44,-33.9626255,18.9082704,363.56
2013/5/19,9:01:16,-33.9717358,18.9173342,402.67
2013/5/19,12:00:44,-33.9714331,18.9171853,402.4
2013/5/19,15:00:43,-33.9714357,18.9171754,398.39
2013/5/19,18:00:43,-33.9714160,18.9171719,398.06
2013/5/19,21:00:43,-33.9717766,18.9173116,387.01
2013/5/20,0:01:31,-33.9718778,18.9173985,377.5
2013/5/20,3:01:25,-33.9756486,18.9240411,377.72
2013/5/20,6:01:06,-33.9772776,18.9248673,524.7
2013/5/20,9:01:08,-33.9789046,18.9269521,544.98
2013/5/20,12:00:40,-33.9794198,18.9266267,544.29
2013/5/20,15:00:44,-33.9793331,18.9266337,624.76
2013/5/20,18:00:43,-33.9792470,18.9266711,621.03
2013/5/20,21:00:57,-33.9793643,18.9268118,624.98
2013/5/21,0:00:45,-33.9792424,18.9266334,621.79
2013/5/21,3:00:29,-33.9792195,18.9266161,621.98
2013/5/21,6:01:08,-33.9793884,18.9268015,626.39
2013/5/21,9:00:38,-33.9793782,18.9268050,624.49
2013/5/21,18:00:44,-33.9801358,18.9267802,648.31
2013/5/21,21:00:44,-33.9798566,18.9236749,647.74
2013/5/22,0:01:13,-33.9806945,18.9231272,669.06
2013/5/22,3:00:30,-33.9806380,18.9231474,669.43
2013/5/22,6:00:43,-33.9807057,18.9231240,667.22
2013/5/22,9:00:44,-33.9806762,18.9234623,670.3
2013/5/22,15:01:55,-33.9802335,18.9261701,668
2013/5/22,18:01:31,-33.9818277,18.9267235,666.84
2013/5/22,21:00:43,-33.9842620,18.9290076,738.55
2013/5/23,0:00:43,-33.9823209,18.9326502,617.89
2013/5/23,3:00:43,-33.9858642,18.9425706,410.49
2013/5/23,12:00:33,-34.0047030,18.9251467,808.16
2013/5/23,15:00:44,-34.0052589,18.9245587,795.42
2013/5/23,18:00:43,-34.0110969,18.9144234,870.73
2013/5/23,21:00:28,-34.0359223,18.8761866,869.65
2013/5/24,0:01:20,-34.0302638,18.8553364,778.92
2013/5/24,6:00:43,-34.0331138,18.8535619,380.44
2013/5/24,9:00:45,-34.0330835,18.8535984,396.13
2013/5/24,15:01:09,-34.0331287,18.8536499,397.65
2013/5/24,18:01:39,-34.0330317,18.8536221,395.71
2013/5/24,21:01:20,-34.0331412,18.8536511,379.51
2013/5/25,0:01:49,-34.0330841,18.8535814,394.25
2013/5/25,3:01:14,-34.0330985,18.8535511,386.53
2013/5/25,6:00:43,-34.0378112,18.8580906,598.72
2013/5/25,9:00:44,-34.0403466,18.8678704,786.17
2013/5/25,18:00:38,-34.0400621,18.8687724,795.38
2013/5/25,21:00:44,-34.0443605,18.8876656,368.23
2013/5/26,0:01:41,-34.0429511,18.9449926,367.43
2013/5/26,15:01:25,-34.0561426,18.9760076,366.63
2013/5/27,0:00:51,-34.0673480,18.9642443,850.85
2013/5/27,3:00:43,-34.0791146,18.9643987,821.83
2013/5/27,6:00:43,-34.0920254,18.9577479,552.02
2013/5/27,9:01:46,-34.0901029,18.9695811,553.11
2013/5/27,15:01:25,-34.0905220,18.9711359,552.21
2013/5/27,18:01:02,-34.0870118,18.9648133,670.85
2013/5/27,21:00:46,-34.0627079,18.9229350,187.45
2013/5/28,0:01:05,-34.0366394,18.9279258,187.32
2013/5/28,3:01:02,-34.0333220,18.9166261,289.07
2013/5/28,21:01:44,-34.0132996,18.9029425,288.74
2013/5/29,0:02:24,-34.0137102,18.9037391,287.39
2013/5/29,3:01:19,-34.0134811,18.9036137,392.98
2013/5/29,6:01:52,-34.0133959,18.9036129,398.04
2013/5/29,9:00:37,-34.0138041,18.9038369,407.82
2013/5/29,12:00:43,-34.0137495,18.9039455,416.8
2013/5/29,15:00:44,-34.0136791,18.9038183,419.43
2013/5/29,18:01:11,-34.0137058,18.9036310,407.9
2013/5/29,21:00:43,-34.0136220,18.9037205,394.85
2013/5/30,0:01:20,-34.0136647,18.9037070,394.98
2013/5/30,3:01:05,-34.0136804,18.9036581,456.76
2013/5/30,6:01:03,-34.0135206,18.9035072,400.79
2013/5/30,9:00:44,-34.0136492,18.9036512,408.26
2013/5/30,12:02:26,-34.0136142,18.9035962,408.65
2013/5/30,15:00:43,-34.0136229,18.9036886,409
2013/5/30,18:00:43,-34.0136846,18.9036827,400.64
2013/5/31,0:01:12,-34.0136543,18.9036655,400.27
2013/5/31,3:00:45,-34.0136607,18.9036994,404.59
2013/5/31,6:01:24,-34.0134692,18.9035889,403.88
2013/5/31,12:00:43,-34.0114951,18.9084465,581.79
2013/5/31,15:01:25,-34.0115615,18.9086454,581.6
2013/5/31,21:00:59,-33.9982106,18.9019359,611.62
2013/6/1,0:00:43,-33.9945568,18.8951396,323.74
2013/6/1,2:01:14,-33.9812199,18.8878557,443.04
2013/6/1,3:00:28,-33.9796192,18.8883204,477.47
2013/6/1,4:01:31,-33.9835463,18.8998260,477.04
2013/6/1,5:00:43,-33.9718553,18.8874172,425.96
2013/6/1,14:02:01,-33.9671704,18.8883777,425.96
2013/6/1,19:00:43,-33.9625946,18.8776568,350.75
2013/6/1,20:00:13,-33.9554852,18.8779543,315.16
2013/6/1,21:00:44,-33.9514530,18.8786331,288.31
2013/6/1,22:00:12,-33.9467407,18.8787428,228.52
2013/6/1,23:00:24,-33.9460382,18.8781439,229.68
2013/6/2,0:01:18,-33.9460180,18.8781552,213.32
2013/6/2,1:00:40,-33.9458977,18.8779731,215.23
2013/6/2,3:00:36,-33.9459465,18.8779400,203.6
2013/6/2,6:01:02,-33.9462031,18.8781931,222.21
2013/6/2,9:01:38,-33.9460464,18.8781719,221.17
2013/6/2,12:01:38,-33.9460087,18.8780798,214.84
2013/6/2,15:00:44,-33.9460682,18.8781417,214
2013/6/2,18:01:14,-33.9459796,18.8782363,225.01
2013/6/2,21:01:32,-33.9459744,18.8781342,216.91
2013/6/3,6:01:22,-33.9523525,18.8938526,217.12
2013/6/3,18:01:32,-33.9616625,18.9027846,216.05
2013/6/3,21:00:38,-33.9584783,18.9201481,430.81
2013/6/4,0:01:31,-33.9451462,18.9547604,525.32
2013/6/4,6:00:43,-33.9511767,18.9750710,460.97
2013/6/4,9:01:32,-33.9489100,18.9812313,460.22
2013/6/4,12:00:44,-33.9458190,18.9758132,546.95
2013/6/4,15:00:56,-33.9372509,18.9695650,546.09
2013/6/4,18:00:45,-33.9276153,18.9657485,560.15
2013/6/5,0:01:13,-33.9145133,18.9679023,615.82
2013/6/5,9:02:16,-33.9175026,18.9634688,615.47
2013/6/5,12:02:01,-33.9159586,18.9636233,576.3
2013/6/5,15:01:37,-33.9155137,18.9651716,345.02
2013/6/5,18:01:13,-33.9177289,18.9655326,404.3
2013/6/5,21:01:35,-33.9259952,18.9726768,565.75
2013/6/6,0:01:14,-33.9459955,18.9640203,419.39
2013/6/6,3:00:44,-33.9460123,18.9389418,828.5
2013/6/6,6:01:42,-33.9393772,18.9261153,818.9
2013/6/6,9:01:02,-33.9395677,18.9261703,740.93
2013/6/6,12:00:50,-33.9461703,18.9279252,741.56
2013/6/6,15:02:48,-33.9462092,18.9280565,683.22
2013/6/6,18:01:44,-33.9457438,18.9311454,822.6
2013/6/6,21:00:59,-33.9315473,18.9201178,619.44
2013/6/7,0:00:40,-33.9479477,18.9423559,837.25
2013/6/7,3:00:38,-33.9609943,18.9633649,1151.34
2013/6/7,6:00:43,-33.9896525,18.9938608,926.66
2013/6/7,9:00:44,-34.0035838,18.9907416,729.34
2013/6/7,15:00:58,-34.0036323,18.9907320,724.95
2013/6/7,18:00:43,-34.0062748,18.9888821,980.61
2013/6/7,21:01:04,-34.0415514,18.9678843,777.69
2013/6/8,3:00:43,-34.0674635,18.9268651,219.59
2013/6/8,18:01:32,-34.0864274,18.9733585,218.88
2013/6/8,21:01:09,-34.0911181,18.9498849,388.51
2013/6/9,0:00:58,-34.0464885,18.9210083,386.81
2013/6/9,6:00:44,-34.0273660,18.8747753,684.96
2013/6/9,9:00:43,-34.0173150,18.8676178,363.45
2013/6/9,12:01:35,-34.0151565,18.8654411,344.62
2013/6/9,15:01:30,-34.0150988,18.8655078,314.79
2013/6/9,18:00:43,-34.0150691,18.8654866,323.24
2013/6/9,21:01:02,-34.0151420,18.8655246,323.77
2013/6/10,0:01:33,-34.0151354,18.8655591,319.49
2013/6/10,3:01:06,-34.0151648,18.8655760,323.61
2013/6/10,6:00:43,-34.0151660,18.8655486,325.2
2013/6/10,9:00:49,-34.0151017,18.8654831,326.82
2013/6/10,12:01:14,-34.0150809,18.8654728,324.87
2013/6/10,15:00:44,-34.0151906,18.8655278,330.08
2013/6/10,21:01:14,-34.0150611,18.8655036,324.56
2013/6/11,0:00:52,-34.0151415,18.8655416,325.65
2013/6/11,3:00:45,-34.0151250,18.8655838,306.9
2013/6/11,6:00:43,-34.0151447,18.8655211,325.11
2013/6/11,9:00:44,-34.0172489,18.8681537,381.47
2013/6/11,12:01:02,-34.0172079,18.8681570,381.07
2013/6/11,21:00:43,-34.0254823,18.8923574,817.54
2013/6/12,3:00:43,-34.0107441,18.9167081,960.91
2013/6/12,9:01:00,-34.0057289,18.9272116,961.31
2013/6/12,15:00:43,-34.0052576,18.9341291,793.85
2013/6/12,18:01:30,-34.0013601,18.9448775,794.63
2013/6/12,21:01:14,-33.9628371,18.9519624,620.48
2013/6/13,6:01:36,-33.9539433,18.9648054,621.09
2013/6/13,9:01:09,-33.9612243,18.9768301,1041.85
2013/6/13,15:00:49,-33.9499816,18.9821907,1041.07
2013/6/13,21:00:43,-33.9167088,18.9634670,330.66
2013/6/14,0:01:38,-33.9126448,18.9696054,350.58
2013/6/14,3:02:56,-33.9018684,18.9479679,350.76
2013/6/14,9:01:32,-33.9136107,18.9873789,350.71
2013/6/14,15:00:57,-33.9073183,18.9976997,686.42
2013/6/14,18:00:57,-33.9077343,19.0066274,366.81
2013/6/15,0:02:01,-33.9089863,19.0124351,364.54
2013/6/15,3:01:31,-33.9087695,19.0114933,364.47
2013/6/15,6:00:43,-33.9089881,19.0125509,482.55
2013/6/15,9:00:43,-33.9090821,19.0123659,493.92
2013/6/15,12:01:02,-33.9089782,19.0126915,477.01
2013/6/15,15:01:32,-33.9090043,19.0126884,476.29
2013/6/15,18:01:14,-33.9062567,19.0052670,404.5
2013/6/15,21:00:43,-33.8982499,18.9918446,343.87
2013/6/16,0:02:13,-33.9058212,18.9851443,345.53
2013/6/16,3:01:14,-33.9158726,18.9785076,574.35
2013/6/16,9:00:50,-33.9465367,18.9778747,573.74
2013/6/16,18:00:43,-33.9494861,18.9824665,658.96
2013/6/16,21:00:44,-33.9491500,18.9403399,857.58
2013/6/17,0:01:14,-33.9304656,18.9146859,505.79
2013/6/17,3:00:43,-33.9272619,18.9077460,322.81
2013/6/17,9:00:43,-33.9385806,18.9168364,531.09
2013/6/17,12:00:40,-33.9420812,18.9119222,416.19
2013/6/17,15:00:43,-33.9420821,18.9118026,414.24
2013/6/17,18:00:43,-33.9420568,18.9117611,418.41
2013/6/17,21:01:05,-33.9500758,18.9131971,431.08
2013/6/18,0:00:43,-33.9606979,18.9057470,337.33
2013/6/18,3:01:28,-33.9520495,18.8849101,485.48
2013/6/18,15:02:04,-33.9602849,18.8842931,485.91
2013/6/18,18:01:13,-33.9633783,18.8841893,538.51
2013/6/18,21:01:58,-33.9859001,18.8844960,538.75
2013/6/19,0:02:18,-33.9934050,18.8844672,244.92
2013/6/19,3:00:38,-33.9932654,18.8842988,244.63
2013/6/19,6:00:43,-33.9932766,18.8843020,248.15
2013/6/19,9:00:38,-33.9927383,18.8848890,281.25
2013/6/19,12:00:43,-33.9927272,18.8848922,283.08
2013/6/19,15:00:44,-33.9926923,18.8849165,276.3
2013/6/19,18:01:02,-33.9932752,18.8842525,271.64
2013/6/19,21:00:34,-33.9933148,18.8842894,236.5
2013/6/20,0:01:32,-33.9932215,18.8843398,242.91
2013/6/20,3:01:02,-33.9932868,18.8842985,250.05
2013/6/20,6:00:50,-33.9932687,18.8842848,249.45
2013/6/20,12:00:56,-33.9908963,18.8970227,230.13
2013/6/20,15:01:41,-33.9913504,18.8980633,498.84
2013/6/20,18:02:21,-33.9912395,18.8980765,497.42
2013/6/20,21:01:55,-33.9869873,18.8943881,497.6
2013/6/22,12:02:09,-33.9793382,18.9267211,511.2
2013/6/22,18:00:43,-33.9790882,18.9272765,613.17
2013/6/23,3:01:14,-33.9793589,18.9278038,584.72
2013/6/23,6:00:40,-33.9793663,18.9278058,603.2
2013/6/24,0:01:45,-33.9792616,18.9277330,607.89
2013/6/24,3:01:46,-33.9793620,18.9277853,602.1
2013/6/24,12:00:45,-33.9789646,18.9271489,615.63
2013/6/24,18:01:58,-33.9791255,18.9277110,615.99
2013/6/25,3:01:39,-33.9791748,18.9276224,615.02
2013/6/25,15:00:44,-33.9791075,18.9272627,615.36
2013/6/26,0:01:02,-33.9792990,18.9278851,591
2013/6/26,21:01:14,-33.9837917,18.9499464,331.11
2013/6/27,0:01:14,-33.9569897,18.9521663,369.89
2013/6/27,3:00:39,-33.9526759,18.9656703,409.13
2013/6/27,9:01:00,-33.9320950,18.9717108,674.24
2013/6/27,12:01:02,-33.9321466,18.9716808,669.3
2013/6/27,15:02:18,-33.9321257,18.9717453,672.76
2013/6/27,18:02:01,-33.9280236,18.9749718,673.78
2013/6/27,21:00:44,-33.9101552,18.9767984,383.18
2013/6/28,0:02:14,-33.9062594,18.9979290,644.29
2013/6/28,3:01:08,-33.9087057,19.0132029,624.17
2013/6/28,6:00:43,-33.9077180,19.0342963,360.53
2013/6/28,9:01:10,-33.9258784,19.0302259,1034.74
2013/6/28,12:01:06,-33.9259731,19.0301547,1035.24
2013/6/28,15:01:26,-33.9259300,19.0301913,1042.36
2013/6/28,18:02:08,-33.9323698,19.0179308,1012.28
2013/6/28,21:00:34,-33.9411103,18.9918351,1337.39
2013/6/29,0:00:43,-33.9488570,18.9807395,567.44
2013/6/29,3:00:20,-33.9404996,18.9408088,553.29
2013/6/29,6:01:04,-33.9367331,18.9244620,638.62
2013/6/29,12:00:55,-33.9462252,18.9280568,680.6
2013/6/29,15:00:43,-33.9462192,18.9281194,667.25
2013/6/29,21:01:26,-33.9783109,18.9729468,699.97
2013/6/30,0:00:44,-34.0043058,19.0108068,1309.77
2013/6/30,3:00:20,-34.0266403,18.9884275,1392.14
2013/6/30,9:01:54,-34.0849480,18.9576939,1391.06
2013/6/30,12:00:43,-34.0807384,18.9666484,957.09
2013/6/30,15:00:43,-34.0906654,18.9753104,1360.1
2013/6/30,18:00:43,-34.0931823,18.9965260,867.28
2013/6/30,21:00:44,-34.1059777,19.0094514,445.59
2013/7/1,0:00:43,-34.1114179,19.0171558,401.59
2013/7/1,2:00:14,-34.1069895,19.0119454,456.41
2013/7/1,3:00:21,-34.1069827,19.0119284,453.96
2013/7/1,4:00:43,-34.1069532,19.0119585,460.57
2013/7/1,5:00:14,-34.1050128,19.0114080,452.06
2013/7/1,6:00:14,-34.1010704,19.0081990,589.64
2013/7/1,7:00:28,-34.0992352,19.0063959,649.53
2013/7/1,8:00:43,-34.0991916,19.0064949,651.33
2013/7/1,9:00:16,-34.0991819,19.0065221,652.92
2013/7/1,10:00:44,-34.0992006,19.0065189,651.65
2013/7/1,11:00:16,-34.0991692,19.0065012,655
2013/7/1,12:00:15,-34.0991729,19.0064980,652.6
2013/7/1,13:00:44,-34.0991985,19.0065054,648.42
2013/7/1,14:00:44,-34.0991900,19.0065051,651.6
2013/7/1,15:00:12,-34.0991703,19.0065016,651.26
2013/7/1,16:00:44,-34.0992006,19.0065125,646.29
2013/7/1,17:00:14,-34.0991952,19.0065323,654.31
2013/7/1,18:00:22,-34.0992010,19.0065362,649.79
2013/7/1,19:00:43,-34.0939234,18.9927469,881.4
2013/7/1,20:00:14,-34.1042142,18.9861919,745.19
2013/7/1,21:00:44,-34.1042179,18.9861887,742.8
2013/7/1,22:00:11,-34.1098448,18.9696123,762.66
2013/7/1,23:01:02,-34.1080962,18.9616918,803
2013/7/2,0:00:44,-34.0999434,18.9605467,695.81
2013/7/2,1:00:11,-34.0937207,18.9616845,684.48
2013/7/2,3:00:22,-34.0905300,18.9478893,404.61
2013/7/2,6:00:43,-34.0775464,18.9363247,347.26
2013/7/2,9:00:38,-34.0773052,18.9365384,356.47
2013/7/2,12:01:02,-34.0772755,18.9365106,359.56
2013/7/2,15:00:44,-34.0772743,18.9365381,357.97
2013/7/2,18:00:50,-34.0772880,18.9365657,357.5
2013/7/2,21:01:05,-34.0772710,18.9365522,353.16
2013/7/3,0:00:37,-34.0775263,18.9363040,348.78
2013/7/3,3:00:33,-34.0775509,18.9363968,346.52
2013/7/3,6:00:43,-34.0775258,18.9364067,348.85
2013/7/3,9:00:44,-34.0721770,18.9429433,424.67
2013/7/3,12:01:02,-34.0721389,18.9430009,429.12
2013/7/3,18:00:43,-34.0736144,18.9414548,424.53
2013/7/3,21:00:44,-34.0657053,18.9267292,206.3
2013/7/4,0:00:56,-34.0651748,18.9266370,207.65
2013/7/4,3:00:27,-34.0511034,18.9337516,252.58
2013/7/4,6:00:43,-34.0438171,18.9531391,482.46
2013/7/4,9:00:38,-34.0280561,18.9589570,433.99
2013/7/4,12:00:55,-34.0280611,18.9589391,443.88
2013/7/4,15:02:02,-34.0277405,18.9641003,446.52
2013/7/4,18:01:34,-34.0294131,18.9654777,559.5
2013/7/4,21:00:28,-34.0282563,18.9576812,558.34
2013/7/5,3:00:40,-34.0097431,18.9545837,630.26
2013/7/5,6:00:43,-34.0040299,18.9434176,974.28
2013/7/5,9:01:01,-34.0029679,18.9241392,961.17
2013/7/5,12:01:33,-34.0028412,18.9243215,896.17
